CHEMBL1075104	CHEMBL1096634
CHEMBL1075104	CHEMBL1516890
CHEMBL1075104	CHEMBL175321
CHEMBL1075104	CHEMBL176857
CHEMBL1075104	CHEMBL1789963
CHEMBL1075104	CHEMBL1794050
CHEMBL1075104	CHEMBL1794052
CHEMBL1075104	CHEMBL1794055
CHEMBL1075104	CHEMBL187081
CHEMBL1075104	CHEMBL1880739
CHEMBL1075104	CHEMBL188268
CHEMBL1075104	CHEMBL1895450
CHEMBL1075104	CHEMBL1909360
CHEMBL1075104	CHEMBL1909368
CHEMBL1075104	CHEMBL1956068
CHEMBL1075104	CHEMBL222419
CHEMBL1075104	CHEMBL241517
CHEMBL1075104	CHEMBL269827
CHEMBL1075104	CHEMBL269883
CHEMBL1075104	CHEMBL270544
CHEMBL1075104	CHEMBL271595
CHEMBL1075104	CHEMBL273564
CHEMBL1075104	CHEMBL359999
CHEMBL1075104	CHEMBL361894
CHEMBL1075104	CHEMBL373751
CHEMBL1075104	CHEMBL409892
CHEMBL1075104	CHEMBL450071
CHEMBL1075104	CHEMBL456252
CHEMBL1075104	CHEMBL458415
CHEMBL1075104	CHEMBL458438
CHEMBL1075104	CHEMBL458865
CHEMBL1075104	CHEMBL463931
CHEMBL1075104	CHEMBL467581
CHEMBL1075104	CHEMBL476259
CHEMBL1075104	CHEMBL477069
CHEMBL1075104	CHEMBL480382
CHEMBL1075104	CHEMBL505915
CHEMBL1075104	CHEMBL506153
CHEMBL1075104	CHEMBL511765
CHEMBL1075104	CHEMBL513897
CHEMBL1075104	CHEMBL514162
CHEMBL1075104	CHEMBL514261
CHEMBL1075104	CHEMBL517171
CHEMBL1075104	CHEMBL521806
CHEMBL1075133	CHEMBL176857
CHEMBL1075133	CHEMBL1789963
CHEMBL1075133	CHEMBL1794050
CHEMBL1075133	CHEMBL1895450
CHEMBL1075133	CHEMBL1909349
CHEMBL1075133	CHEMBL456252
CHEMBL1075133	CHEMBL463931
CHEMBL1075167	CHEMBL179311
CHEMBL1075167	CHEMBL187081
CHEMBL1075167	CHEMBL1882194
CHEMBL1075167	CHEMBL188381
CHEMBL1075167	CHEMBL1909368
CHEMBL1075167	CHEMBL1909383
CHEMBL1075167	CHEMBL1909396
CHEMBL1075167	CHEMBL247228
CHEMBL1075167	CHEMBL273564
CHEMBL1075167	CHEMBL306865
CHEMBL1075167	CHEMBL359963
CHEMBL1075167	CHEMBL359999
CHEMBL1075167	CHEMBL361894
CHEMBL1075167	CHEMBL365248
CHEMBL1075167	CHEMBL373751
CHEMBL1075167	CHEMBL396107
CHEMBL1075167	CHEMBL450071
CHEMBL1075167	CHEMBL458865
CHEMBL1075167	CHEMBL468963
CHEMBL1075167	CHEMBL476259
CHEMBL1075167	CHEMBL477069
CHEMBL1075167	CHEMBL480382
CHEMBL1075167	CHEMBL495696
CHEMBL1075167	CHEMBL511765
CHEMBL1075167	CHEMBL513897
CHEMBL1075167	CHEMBL588025
CHEMBL1075167	CHEMBL66292
CHEMBL1824	CHEMBL1909379
CHEMBL1824	CHEMBL1909380
CHEMBL1824	CHEMBL1909385
CHEMBL1824	CHEMBL1909386
CHEMBL1824	CHEMBL1909388
CHEMBL1824	CHEMBL1909390
CHEMBL1824	CHEMBL1909391
CHEMBL1824	CHEMBL1909392
CHEMBL1824	CHEMBL1909393
CHEMBL1824	CHEMBL1909394
CHEMBL1824	CHEMBL1909395
CHEMBL1824	CHEMBL212250
CHEMBL1824	CHEMBL30432
CHEMBL1824	CHEMBL384407
CHEMBL1824	CHEMBL475599
CHEMBL1824	CHEMBL475761
CHEMBL1824	CHEMBL507329
CHEMBL1824	CHEMBL512076
CHEMBL1824	CHEMBL517123
CHEMBL1824	CHEMBL529066
CHEMBL1824	CHEMBL531804
CHEMBL1841	CHEMBL179311
CHEMBL1841	CHEMBL179465
CHEMBL1841	CHEMBL188381
CHEMBL1841	CHEMBL189459
CHEMBL1841	CHEMBL1909352
CHEMBL1841	CHEMBL1909357
CHEMBL1841	CHEMBL1909358
CHEMBL1841	CHEMBL1909359
CHEMBL1841	CHEMBL1909381
CHEMBL1841	CHEMBL1909383
CHEMBL1841	CHEMBL1909396
CHEMBL1841	CHEMBL191705
CHEMBL1841	CHEMBL206010
CHEMBL1841	CHEMBL237347
CHEMBL1841	CHEMBL251549
CHEMBL1841	CHEMBL269883
CHEMBL1841	CHEMBL272165
CHEMBL1841	CHEMBL306865
CHEMBL1841	CHEMBL365297
CHEMBL1841	CHEMBL372474
CHEMBL1841	CHEMBL373751
CHEMBL1841	CHEMBL410072
CHEMBL1841	CHEMBL434729
CHEMBL1841	CHEMBL473420
CHEMBL1841	CHEMBL479079
CHEMBL1841	CHEMBL581096
CHEMBL1841	CHEMBL66292
CHEMBL1841	CHEMBL67241
CHEMBL1844	CHEMBL175321
CHEMBL1844	CHEMBL176553
CHEMBL1844	CHEMBL1789962
CHEMBL1844	CHEMBL1789963
CHEMBL1844	CHEMBL179311
CHEMBL1844	CHEMBL1794055
CHEMBL1844	CHEMBL1794060
CHEMBL1844	CHEMBL1794062
CHEMBL1844	CHEMBL1794073
CHEMBL1844	CHEMBL179465
CHEMBL1844	CHEMBL182283
CHEMBL1844	CHEMBL187081
CHEMBL1844	CHEMBL1882194
CHEMBL1844	CHEMBL188257
CHEMBL1844	CHEMBL188381
CHEMBL1844	CHEMBL189231
CHEMBL1844	CHEMBL189353
CHEMBL1844	CHEMBL1909359
CHEMBL1844	CHEMBL1909360
CHEMBL1844	CHEMBL1909361
CHEMBL1844	CHEMBL1909362
CHEMBL1844	CHEMBL1909368
CHEMBL1844	CHEMBL1909382
CHEMBL1844	CHEMBL1909396
CHEMBL1844	CHEMBL1956068
CHEMBL1844	CHEMBL206010
CHEMBL1844	CHEMBL230911
CHEMBL1844	CHEMBL243907
CHEMBL1844	CHEMBL247228
CHEMBL1844	CHEMBL261849
CHEMBL1844	CHEMBL270544
CHEMBL1844	CHEMBL271595
CHEMBL1844	CHEMBL273564
CHEMBL1844	CHEMBL275473
CHEMBL1844	CHEMBL359963
CHEMBL1844	CHEMBL359999
CHEMBL1844	CHEMBL361894
CHEMBL1844	CHEMBL365297
CHEMBL1844	CHEMBL396107
CHEMBL1844	CHEMBL405042
CHEMBL1844	CHEMBL409892
CHEMBL1844	CHEMBL443563
CHEMBL1844	CHEMBL456252
CHEMBL1844	CHEMBL463931
CHEMBL1844	CHEMBL468963
CHEMBL1844	CHEMBL473420
CHEMBL1844	CHEMBL476259
CHEMBL1844	CHEMBL477069
CHEMBL1844	CHEMBL479079
CHEMBL1844	CHEMBL495696
CHEMBL1844	CHEMBL513897
CHEMBL1844	CHEMBL520037
CHEMBL1844	CHEMBL588025
CHEMBL1862	CHEMBL176553
CHEMBL1862	CHEMBL1789961
CHEMBL1862	CHEMBL1789962
CHEMBL1862	CHEMBL179311
CHEMBL1862	CHEMBL1794055
CHEMBL1862	CHEMBL1794060
CHEMBL1862	CHEMBL1794073
CHEMBL1862	CHEMBL179465
CHEMBL1862	CHEMBL188257
CHEMBL1862	CHEMBL188381
CHEMBL1862	CHEMBL189353
CHEMBL1862	CHEMBL189459
CHEMBL1862	CHEMBL1909352
CHEMBL1862	CHEMBL1909357
CHEMBL1862	CHEMBL1909358
CHEMBL1862	CHEMBL1909359
CHEMBL1862	CHEMBL1909360
CHEMBL1862	CHEMBL1909364
CHEMBL1862	CHEMBL1909365
CHEMBL1862	CHEMBL1909366
CHEMBL1862	CHEMBL1909368
CHEMBL1862	CHEMBL1909369
CHEMBL1862	CHEMBL1909370
CHEMBL1862	CHEMBL1909371
CHEMBL1862	CHEMBL1909374
CHEMBL1862	CHEMBL1909381
CHEMBL1862	CHEMBL1909382
CHEMBL1862	CHEMBL1909383
CHEMBL1862	CHEMBL1909396
CHEMBL1862	CHEMBL1909412
CHEMBL1862	CHEMBL191705
CHEMBL1862	CHEMBL1956068
CHEMBL1862	CHEMBL202891
CHEMBL1862	CHEMBL204934
CHEMBL1862	CHEMBL205158
CHEMBL1862	CHEMBL206010
CHEMBL1862	CHEMBL208437
CHEMBL1862	CHEMBL218088
CHEMBL1862	CHEMBL218859
CHEMBL1862	CHEMBL218932
CHEMBL1862	CHEMBL220243
CHEMBL1862	CHEMBL222419
CHEMBL1862	CHEMBL237347
CHEMBL1862	CHEMBL237570
CHEMBL1862	CHEMBL241517
CHEMBL1862	CHEMBL243907
CHEMBL1862	CHEMBL247228
CHEMBL1862	CHEMBL251549
CHEMBL1862	CHEMBL260417
CHEMBL1862	CHEMBL261440
CHEMBL1862	CHEMBL263796
CHEMBL1862	CHEMBL273564
CHEMBL1862	CHEMBL303687
CHEMBL1862	CHEMBL305477
CHEMBL1862	CHEMBL306865
CHEMBL1862	CHEMBL359999
CHEMBL1862	CHEMBL362155
CHEMBL1862	CHEMBL365297
CHEMBL1862	CHEMBL372474
CHEMBL1862	CHEMBL374060
CHEMBL1862	CHEMBL396107
CHEMBL1862	CHEMBL405021
CHEMBL1862	CHEMBL409892
CHEMBL1862	CHEMBL419903
CHEMBL1862	CHEMBL427159
CHEMBL1862	CHEMBL434729
CHEMBL1862	CHEMBL443563
CHEMBL1862	CHEMBL468963
CHEMBL1862	CHEMBL479079
CHEMBL1862	CHEMBL480382
CHEMBL1862	CHEMBL495696
CHEMBL1862	CHEMBL581096
CHEMBL1862	CHEMBL588025
CHEMBL1862	CHEMBL63728
CHEMBL1862	CHEMBL65884
CHEMBL1862	CHEMBL66004
CHEMBL1862	CHEMBL66292
CHEMBL1862	CHEMBL67241
CHEMBL1862	CHEMBL69757
CHEMBL1868	CHEMBL179311
CHEMBL1868	CHEMBL1794055
CHEMBL1868	CHEMBL179465
CHEMBL1868	CHEMBL188381
CHEMBL1868	CHEMBL189353
CHEMBL1868	CHEMBL1909349
CHEMBL1868	CHEMBL1909357
CHEMBL1868	CHEMBL1909358
CHEMBL1868	CHEMBL1909359
CHEMBL1868	CHEMBL1909364
CHEMBL1868	CHEMBL1909368
CHEMBL1868	CHEMBL1909369
CHEMBL1868	CHEMBL1909370
CHEMBL1868	CHEMBL1909381
CHEMBL1868	CHEMBL1909396
CHEMBL1868	CHEMBL1909412
CHEMBL1868	CHEMBL237347
CHEMBL1868	CHEMBL247228
CHEMBL1868	CHEMBL271595
CHEMBL1868	CHEMBL273564
CHEMBL1868	CHEMBL372474
CHEMBL1868	CHEMBL396107
CHEMBL1868	CHEMBL409892
CHEMBL1868	CHEMBL479079
CHEMBL1868	CHEMBL581096
CHEMBL1868	CHEMBL588025
CHEMBL1906	CHEMBL1909352
CHEMBL1906	CHEMBL1909369
CHEMBL1906	CHEMBL1909412
CHEMBL1906	CHEMBL1909414
CHEMBL1913	CHEMBL103115
CHEMBL1913	CHEMBL1096626
CHEMBL1913	CHEMBL1096634
CHEMBL1913	CHEMBL176553
CHEMBL1913	CHEMBL1789961
CHEMBL1913	CHEMBL179311
CHEMBL1913	CHEMBL1794055
CHEMBL1913	CHEMBL1794057
CHEMBL1913	CHEMBL1794060
CHEMBL1913	CHEMBL1794067
CHEMBL1913	CHEMBL1794068
CHEMBL1913	CHEMBL1794069
CHEMBL1913	CHEMBL1794070
CHEMBL1913	CHEMBL1794073
CHEMBL1913	CHEMBL179465
CHEMBL1913	CHEMBL187081
CHEMBL1913	CHEMBL1882194
CHEMBL1913	CHEMBL188381
CHEMBL1913	CHEMBL189353
CHEMBL1913	CHEMBL189459
CHEMBL1913	CHEMBL1909349
CHEMBL1913	CHEMBL1909357
CHEMBL1913	CHEMBL1909358
CHEMBL1913	CHEMBL1909359
CHEMBL1913	CHEMBL1909360
CHEMBL1913	CHEMBL1909361
CHEMBL1913	CHEMBL1909362
CHEMBL1913	CHEMBL1909368
CHEMBL1913	CHEMBL1909369
CHEMBL1913	CHEMBL1909381
CHEMBL1913	CHEMBL1909382
CHEMBL1913	CHEMBL1909383
CHEMBL1913	CHEMBL1909396
CHEMBL1913	CHEMBL1909399
CHEMBL1913	CHEMBL191705
CHEMBL1913	CHEMBL1956068
CHEMBL1913	CHEMBL205158
CHEMBL1913	CHEMBL206010
CHEMBL1913	CHEMBL208437
CHEMBL1913	CHEMBL222419
CHEMBL1913	CHEMBL237347
CHEMBL1913	CHEMBL241517
CHEMBL1913	CHEMBL243907
CHEMBL1913	CHEMBL247228
CHEMBL1913	CHEMBL251549
CHEMBL1913	CHEMBL269827
CHEMBL1913	CHEMBL269883
CHEMBL1913	CHEMBL270544
CHEMBL1913	CHEMBL271595
CHEMBL1913	CHEMBL272026
CHEMBL1913	CHEMBL272028
CHEMBL1913	CHEMBL272165
CHEMBL1913	CHEMBL272414
CHEMBL1913	CHEMBL273564
CHEMBL1913	CHEMBL275473
CHEMBL1913	CHEMBL306865
CHEMBL1913	CHEMBL359999
CHEMBL1913	CHEMBL361894
CHEMBL1913	CHEMBL365297
CHEMBL1913	CHEMBL372474
CHEMBL1913	CHEMBL373751
CHEMBL1913	CHEMBL396107
CHEMBL1913	CHEMBL409892
CHEMBL1913	CHEMBL410072
CHEMBL1913	CHEMBL434729
CHEMBL1913	CHEMBL443563
CHEMBL1913	CHEMBL463931
CHEMBL1913	CHEMBL468963
CHEMBL1913	CHEMBL473420
CHEMBL1913	CHEMBL476259
CHEMBL1913	CHEMBL479079
CHEMBL1913	CHEMBL480382
CHEMBL1913	CHEMBL495696
CHEMBL1913	CHEMBL495771
CHEMBL1913	CHEMBL514162
CHEMBL1913	CHEMBL514499
CHEMBL1913	CHEMBL521806
CHEMBL1913	CHEMBL581096
CHEMBL1913	CHEMBL588025
CHEMBL1913	CHEMBL66004
CHEMBL1913	CHEMBL66292
CHEMBL1913	CHEMBL67241
CHEMBL1913	CHEMBL69757
CHEMBL1936	CHEMBL103104
CHEMBL1936	CHEMBL103115
CHEMBL1936	CHEMBL1516890
CHEMBL1936	CHEMBL175321
CHEMBL1936	CHEMBL176553
CHEMBL1936	CHEMBL1789961
CHEMBL1936	CHEMBL1789963
CHEMBL1936	CHEMBL179311
CHEMBL1936	CHEMBL1794055
CHEMBL1936	CHEMBL1794056
CHEMBL1936	CHEMBL1794057
CHEMBL1936	CHEMBL1794058
CHEMBL1936	CHEMBL1794059
CHEMBL1936	CHEMBL1794060
CHEMBL1936	CHEMBL1794061
CHEMBL1936	CHEMBL1794062
CHEMBL1936	CHEMBL1794073
CHEMBL1936	CHEMBL179453
CHEMBL1936	CHEMBL179465
CHEMBL1936	CHEMBL187081
CHEMBL1936	CHEMBL1882194
CHEMBL1936	CHEMBL188257
CHEMBL1936	CHEMBL188381
CHEMBL1936	CHEMBL188426
CHEMBL1936	CHEMBL189148
CHEMBL1936	CHEMBL189353
CHEMBL1936	CHEMBL189459
CHEMBL1936	CHEMBL1909351
CHEMBL1936	CHEMBL1909352
CHEMBL1936	CHEMBL1909357
CHEMBL1936	CHEMBL1909358
CHEMBL1936	CHEMBL1909359
CHEMBL1936	CHEMBL1909360
CHEMBL1936	CHEMBL1909361
CHEMBL1936	CHEMBL1909362
CHEMBL1936	CHEMBL1909364
CHEMBL1936	CHEMBL1909368
CHEMBL1936	CHEMBL1909369
CHEMBL1936	CHEMBL1909370
CHEMBL1936	CHEMBL1909371
CHEMBL1936	CHEMBL1909372
CHEMBL1936	CHEMBL1909374
CHEMBL1936	CHEMBL1909381
CHEMBL1936	CHEMBL1909382
CHEMBL1936	CHEMBL1909383
CHEMBL1936	CHEMBL1909396
CHEMBL1936	CHEMBL1909399
CHEMBL1936	CHEMBL191705
CHEMBL1936	CHEMBL192417
CHEMBL1936	CHEMBL194062
CHEMBL1936	CHEMBL1956068
CHEMBL1936	CHEMBL204934
CHEMBL1936	CHEMBL206010
CHEMBL1936	CHEMBL218088
CHEMBL1936	CHEMBL218859
CHEMBL1936	CHEMBL218932
CHEMBL1936	CHEMBL220243
CHEMBL1936	CHEMBL230911
CHEMBL1936	CHEMBL237347
CHEMBL1936	CHEMBL241517
CHEMBL1936	CHEMBL243907
CHEMBL1936	CHEMBL247228
CHEMBL1936	CHEMBL251549
CHEMBL1936	CHEMBL260417
CHEMBL1936	CHEMBL270054
CHEMBL1936	CHEMBL270544
CHEMBL1936	CHEMBL271595
CHEMBL1936	CHEMBL271843
CHEMBL1936	CHEMBL273564
CHEMBL1936	CHEMBL275473
CHEMBL1936	CHEMBL306865
CHEMBL1936	CHEMBL318728
CHEMBL1936	CHEMBL359963
CHEMBL1936	CHEMBL359999
CHEMBL1936	CHEMBL361894
CHEMBL1936	CHEMBL365297
CHEMBL1936	CHEMBL372474
CHEMBL1936	CHEMBL374060
CHEMBL1936	CHEMBL396107
CHEMBL1936	CHEMBL405042
CHEMBL1936	CHEMBL409892
CHEMBL1936	CHEMBL443563
CHEMBL1936	CHEMBL463931
CHEMBL1936	CHEMBL468963
CHEMBL1936	CHEMBL479079
CHEMBL1936	CHEMBL495696
CHEMBL1936	CHEMBL581096
CHEMBL1936	CHEMBL588025
CHEMBL1936	CHEMBL63728
CHEMBL1936	CHEMBL66292
CHEMBL1955	CHEMBL1096626
CHEMBL1955	CHEMBL1096634
CHEMBL1955	CHEMBL179311
CHEMBL1955	CHEMBL1794055
CHEMBL1955	CHEMBL1794073
CHEMBL1955	CHEMBL179465
CHEMBL1955	CHEMBL188257
CHEMBL1955	CHEMBL188381
CHEMBL1955	CHEMBL1909349
CHEMBL1955	CHEMBL1909357
CHEMBL1955	CHEMBL1909358
CHEMBL1955	CHEMBL1909359
CHEMBL1955	CHEMBL1909369
CHEMBL1955	CHEMBL1909381
CHEMBL1955	CHEMBL1909383
CHEMBL1955	CHEMBL1909396
CHEMBL1955	CHEMBL1909412
CHEMBL1955	CHEMBL1956068
CHEMBL1955	CHEMBL222419
CHEMBL1955	CHEMBL237347
CHEMBL1955	CHEMBL247228
CHEMBL1955	CHEMBL260417
CHEMBL1955	CHEMBL269883
CHEMBL1955	CHEMBL271595
CHEMBL1955	CHEMBL272414
CHEMBL1955	CHEMBL273564
CHEMBL1955	CHEMBL275473
CHEMBL1955	CHEMBL372474
CHEMBL1955	CHEMBL373751
CHEMBL1955	CHEMBL396107
CHEMBL1955	CHEMBL409892
CHEMBL1955	CHEMBL473420
CHEMBL1955	CHEMBL479079
CHEMBL1955	CHEMBL514162
CHEMBL1955	CHEMBL514499
CHEMBL1955	CHEMBL521806
CHEMBL1955	CHEMBL581096
CHEMBL1955	CHEMBL588025
CHEMBL1957	CHEMBL187081
CHEMBL1957	CHEMBL1882194
CHEMBL1957	CHEMBL1895450
CHEMBL1957	CHEMBL359963
CHEMBL1957	CHEMBL359999
CHEMBL1957	CHEMBL361894
CHEMBL1957	CHEMBL450071
CHEMBL1957	CHEMBL456252
CHEMBL1957	CHEMBL458415
CHEMBL1957	CHEMBL458438
CHEMBL1957	CHEMBL458865
CHEMBL1957	CHEMBL463931
CHEMBL1957	CHEMBL467581
CHEMBL1957	CHEMBL468963
CHEMBL1957	CHEMBL476259
CHEMBL1957	CHEMBL477069
CHEMBL1957	CHEMBL479079
CHEMBL1957	CHEMBL505915
CHEMBL1957	CHEMBL511765
CHEMBL1957	CHEMBL513897
CHEMBL1957	CHEMBL514261
CHEMBL1957	CHEMBL517171
CHEMBL1974	CHEMBL103115
CHEMBL1974	CHEMBL1516890
CHEMBL1974	CHEMBL175321
CHEMBL1974	CHEMBL176553
CHEMBL1974	CHEMBL1789961
CHEMBL1974	CHEMBL179311
CHEMBL1974	CHEMBL1794055
CHEMBL1974	CHEMBL1794056
CHEMBL1974	CHEMBL1794057
CHEMBL1974	CHEMBL1794058
CHEMBL1974	CHEMBL1794060
CHEMBL1974	CHEMBL1794061
CHEMBL1974	CHEMBL1794062
CHEMBL1974	CHEMBL179465
CHEMBL1974	CHEMBL187081
CHEMBL1974	CHEMBL188381
CHEMBL1974	CHEMBL189353
CHEMBL1974	CHEMBL1909351
CHEMBL1974	CHEMBL1909360
CHEMBL1974	CHEMBL1909361
CHEMBL1974	CHEMBL1909362
CHEMBL1974	CHEMBL1909364
CHEMBL1974	CHEMBL1909368
CHEMBL1974	CHEMBL1909370
CHEMBL1974	CHEMBL1909372
CHEMBL1974	CHEMBL1909374
CHEMBL1974	CHEMBL1909381
CHEMBL1974	CHEMBL1909383
CHEMBL1974	CHEMBL1909399
CHEMBL1974	CHEMBL191705
CHEMBL1974	CHEMBL192417
CHEMBL1974	CHEMBL194062
CHEMBL1974	CHEMBL1956068
CHEMBL1974	CHEMBL206010
CHEMBL1974	CHEMBL247228
CHEMBL1974	CHEMBL269827
CHEMBL1974	CHEMBL269883
CHEMBL1974	CHEMBL270054
CHEMBL1974	CHEMBL270544
CHEMBL1974	CHEMBL271595
CHEMBL1974	CHEMBL271843
CHEMBL1974	CHEMBL273564
CHEMBL1974	CHEMBL275473
CHEMBL1974	CHEMBL306865
CHEMBL1974	CHEMBL318728
CHEMBL1974	CHEMBL359963
CHEMBL1974	CHEMBL359999
CHEMBL1974	CHEMBL361894
CHEMBL1974	CHEMBL396107
CHEMBL1974	CHEMBL405042
CHEMBL1974	CHEMBL409892
CHEMBL1974	CHEMBL443563
CHEMBL1974	CHEMBL468963
CHEMBL1974	CHEMBL476259
CHEMBL1974	CHEMBL479079
CHEMBL1974	CHEMBL495696
CHEMBL1974	CHEMBL588025
CHEMBL1974	CHEMBL66292
CHEMBL1981	CHEMBL187081
CHEMBL1981	CHEMBL1882194
CHEMBL1981	CHEMBL1895450
CHEMBL1981	CHEMBL303687
CHEMBL1981	CHEMBL359999
CHEMBL1981	CHEMBL361894
CHEMBL1981	CHEMBL450071
CHEMBL1981	CHEMBL456252
CHEMBL1981	CHEMBL458415
CHEMBL1981	CHEMBL458438
CHEMBL1981	CHEMBL458865
CHEMBL1981	CHEMBL463931
CHEMBL1981	CHEMBL467581
CHEMBL1981	CHEMBL468963
CHEMBL1981	CHEMBL476259
CHEMBL1981	CHEMBL477069
CHEMBL1981	CHEMBL479079
CHEMBL1981	CHEMBL505915
CHEMBL1981	CHEMBL511765
CHEMBL1981	CHEMBL513897
CHEMBL1981	CHEMBL514261
CHEMBL1981	CHEMBL517171
CHEMBL2007	CHEMBL103115
CHEMBL2007	CHEMBL1096634
CHEMBL2007	CHEMBL1516890
CHEMBL2007	CHEMBL175321
CHEMBL2007	CHEMBL176553
CHEMBL2007	CHEMBL1789961
CHEMBL2007	CHEMBL179311
CHEMBL2007	CHEMBL1794055
CHEMBL2007	CHEMBL1794056
CHEMBL2007	CHEMBL1794057
CHEMBL2007	CHEMBL1794058
CHEMBL2007	CHEMBL1794060
CHEMBL2007	CHEMBL1794062
CHEMBL2007	CHEMBL1794067
CHEMBL2007	CHEMBL1794068
CHEMBL2007	CHEMBL1794069
CHEMBL2007	CHEMBL1794070
CHEMBL2007	CHEMBL1794073
CHEMBL2007	CHEMBL179465
CHEMBL2007	CHEMBL185238
CHEMBL2007	CHEMBL187081
CHEMBL2007	CHEMBL1882194
CHEMBL2007	CHEMBL188381
CHEMBL2007	CHEMBL189353
CHEMBL2007	CHEMBL189459
CHEMBL2007	CHEMBL1909349
CHEMBL2007	CHEMBL1909351
CHEMBL2007	CHEMBL1909352
CHEMBL2007	CHEMBL1909357
CHEMBL2007	CHEMBL1909358
CHEMBL2007	CHEMBL1909359
CHEMBL2007	CHEMBL1909360
CHEMBL2007	CHEMBL1909361
CHEMBL2007	CHEMBL1909362
CHEMBL2007	CHEMBL1909364
CHEMBL2007	CHEMBL1909365
CHEMBL2007	CHEMBL1909366
CHEMBL2007	CHEMBL1909368
CHEMBL2007	CHEMBL1909369
CHEMBL2007	CHEMBL1909370
CHEMBL2007	CHEMBL1909371
CHEMBL2007	CHEMBL1909372
CHEMBL2007	CHEMBL1909374
CHEMBL2007	CHEMBL1909381
CHEMBL2007	CHEMBL1909383
CHEMBL2007	CHEMBL1909396
CHEMBL2007	CHEMBL1909399
CHEMBL2007	CHEMBL191705
CHEMBL2007	CHEMBL192417
CHEMBL2007	CHEMBL194062
CHEMBL2007	CHEMBL1956068
CHEMBL2007	CHEMBL202891
CHEMBL2007	CHEMBL204934
CHEMBL2007	CHEMBL205158
CHEMBL2007	CHEMBL206010
CHEMBL2007	CHEMBL208437
CHEMBL2007	CHEMBL218088
CHEMBL2007	CHEMBL218932
CHEMBL2007	CHEMBL220243
CHEMBL2007	CHEMBL222419
CHEMBL2007	CHEMBL237347
CHEMBL2007	CHEMBL241517
CHEMBL2007	CHEMBL243907
CHEMBL2007	CHEMBL247228
CHEMBL2007	CHEMBL251549
CHEMBL2007	CHEMBL260417
CHEMBL2007	CHEMBL269883
CHEMBL2007	CHEMBL270054
CHEMBL2007	CHEMBL270544
CHEMBL2007	CHEMBL271594
CHEMBL2007	CHEMBL271595
CHEMBL2007	CHEMBL271843
CHEMBL2007	CHEMBL272026
CHEMBL2007	CHEMBL272028
CHEMBL2007	CHEMBL272165
CHEMBL2007	CHEMBL272414
CHEMBL2007	CHEMBL273564
CHEMBL2007	CHEMBL275473
CHEMBL2007	CHEMBL306865
CHEMBL2007	CHEMBL359963
CHEMBL2007	CHEMBL359999
CHEMBL2007	CHEMBL361237
CHEMBL2007	CHEMBL361894
CHEMBL2007	CHEMBL365297
CHEMBL2007	CHEMBL372474
CHEMBL2007	CHEMBL373751
CHEMBL2007	CHEMBL374060
CHEMBL2007	CHEMBL396107
CHEMBL2007	CHEMBL405042
CHEMBL2007	CHEMBL409892
CHEMBL2007	CHEMBL410072
CHEMBL2007	CHEMBL434729
CHEMBL2007	CHEMBL443563
CHEMBL2007	CHEMBL463931
CHEMBL2007	CHEMBL468963
CHEMBL2007	CHEMBL473420
CHEMBL2007	CHEMBL473629
CHEMBL2007	CHEMBL479079
CHEMBL2007	CHEMBL480382
CHEMBL2007	CHEMBL495696
CHEMBL2007	CHEMBL495771
CHEMBL2007	CHEMBL514162
CHEMBL2007	CHEMBL514499
CHEMBL2007	CHEMBL518968
CHEMBL2007	CHEMBL521806
CHEMBL2007	CHEMBL581096
CHEMBL2007	CHEMBL588025
CHEMBL2007	CHEMBL63728
CHEMBL2007	CHEMBL66004
CHEMBL2007	CHEMBL66292
CHEMBL2007	CHEMBL67241
CHEMBL203	CHEMBL1789961
CHEMBL203	CHEMBL1789962
CHEMBL203	CHEMBL188257
CHEMBL203	CHEMBL1888586
CHEMBL203	CHEMBL189148
CHEMBL203	CHEMBL189459
CHEMBL203	CHEMBL1895450
CHEMBL203	CHEMBL1909352
CHEMBL203	CHEMBL1909355
CHEMBL203	CHEMBL1909356
CHEMBL203	CHEMBL1909357
CHEMBL203	CHEMBL1909379
CHEMBL203	CHEMBL1909380
CHEMBL203	CHEMBL1909383
CHEMBL203	CHEMBL1909385
CHEMBL203	CHEMBL1909386
CHEMBL203	CHEMBL1909387
CHEMBL203	CHEMBL1909388
CHEMBL203	CHEMBL1909389
CHEMBL203	CHEMBL1909390
CHEMBL203	CHEMBL1909391
CHEMBL203	CHEMBL1909392
CHEMBL203	CHEMBL1909393
CHEMBL203	CHEMBL1909394
CHEMBL203	CHEMBL1909395
CHEMBL203	CHEMBL1909404
CHEMBL203	CHEMBL1909408
CHEMBL203	CHEMBL1909409
CHEMBL203	CHEMBL1909410
CHEMBL203	CHEMBL1909411
CHEMBL203	CHEMBL1909415
CHEMBL203	CHEMBL1956068
CHEMBL203	CHEMBL205765
CHEMBL203	CHEMBL205798
CHEMBL203	CHEMBL205966
CHEMBL203	CHEMBL206010
CHEMBL203	CHEMBL207247
CHEMBL203	CHEMBL207410
CHEMBL203	CHEMBL212250
CHEMBL203	CHEMBL215814
CHEMBL203	CHEMBL215993
CHEMBL203	CHEMBL237347
CHEMBL203	CHEMBL251549
CHEMBL203	CHEMBL30432
CHEMBL203	CHEMBL306865
CHEMBL203	CHEMBL318892
CHEMBL203	CHEMBL361237
CHEMBL203	CHEMBL362155
CHEMBL203	CHEMBL365297
CHEMBL203	CHEMBL372474
CHEMBL203	CHEMBL373751
CHEMBL203	CHEMBL379093
CHEMBL203	CHEMBL381604
CHEMBL203	CHEMBL384407
CHEMBL203	CHEMBL434729
CHEMBL203	CHEMBL450071
CHEMBL203	CHEMBL456252
CHEMBL203	CHEMBL458865
CHEMBL203	CHEMBL463931
CHEMBL203	CHEMBL466412
CHEMBL203	CHEMBL475599
CHEMBL203	CHEMBL475761
CHEMBL203	CHEMBL476259
CHEMBL203	CHEMBL477069
CHEMBL203	CHEMBL485745
CHEMBL203	CHEMBL506414
CHEMBL203	CHEMBL507329
CHEMBL203	CHEMBL511765
CHEMBL203	CHEMBL512076
CHEMBL203	CHEMBL513897
CHEMBL203	CHEMBL514938
CHEMBL203	CHEMBL517123
CHEMBL203	CHEMBL517907
CHEMBL203	CHEMBL529066
CHEMBL203	CHEMBL531804
CHEMBL203	CHEMBL581096
CHEMBL203	CHEMBL66292
CHEMBL203	CHEMBL67241
CHEMBL2041	CHEMBL103115
CHEMBL2041	CHEMBL1516890
CHEMBL2041	CHEMBL175321
CHEMBL2041	CHEMBL1789961
CHEMBL2041	CHEMBL1789963
CHEMBL2041	CHEMBL179311
CHEMBL2041	CHEMBL1794055
CHEMBL2041	CHEMBL1794056
CHEMBL2041	CHEMBL1794057
CHEMBL2041	CHEMBL1794058
CHEMBL2041	CHEMBL179465
CHEMBL2041	CHEMBL188257
CHEMBL2041	CHEMBL188381
CHEMBL2041	CHEMBL189353
CHEMBL2041	CHEMBL189459
CHEMBL2041	CHEMBL1909349
CHEMBL2041	CHEMBL1909357
CHEMBL2041	CHEMBL1909358
CHEMBL2041	CHEMBL1909359
CHEMBL2041	CHEMBL1909360
CHEMBL2041	CHEMBL1909361
CHEMBL2041	CHEMBL1909364
CHEMBL2041	CHEMBL1909365
CHEMBL2041	CHEMBL1909366
CHEMBL2041	CHEMBL1909368
CHEMBL2041	CHEMBL1909369
CHEMBL2041	CHEMBL1909370
CHEMBL2041	CHEMBL1909372
CHEMBL2041	CHEMBL1909374
CHEMBL2041	CHEMBL1909381
CHEMBL2041	CHEMBL1909383
CHEMBL2041	CHEMBL1909396
CHEMBL2041	CHEMBL1909412
CHEMBL2041	CHEMBL1909413
CHEMBL2041	CHEMBL1956068
CHEMBL2041	CHEMBL222419
CHEMBL2041	CHEMBL237347
CHEMBL2041	CHEMBL241517
CHEMBL2041	CHEMBL243907
CHEMBL2041	CHEMBL247228
CHEMBL2041	CHEMBL251549
CHEMBL2041	CHEMBL269827
CHEMBL2041	CHEMBL269883
CHEMBL2041	CHEMBL270544
CHEMBL2041	CHEMBL271595
CHEMBL2041	CHEMBL272026
CHEMBL2041	CHEMBL272028
CHEMBL2041	CHEMBL272165
CHEMBL2041	CHEMBL272414
CHEMBL2041	CHEMBL273564
CHEMBL2041	CHEMBL306865
CHEMBL2041	CHEMBL365297
CHEMBL2041	CHEMBL372474
CHEMBL2041	CHEMBL373751
CHEMBL2041	CHEMBL396107
CHEMBL2041	CHEMBL405042
CHEMBL2041	CHEMBL409892
CHEMBL2041	CHEMBL410072
CHEMBL2041	CHEMBL434729
CHEMBL2041	CHEMBL441702
CHEMBL2041	CHEMBL468963
CHEMBL2041	CHEMBL473420
CHEMBL2041	CHEMBL476259
CHEMBL2041	CHEMBL479079
CHEMBL2041	CHEMBL480382
CHEMBL2041	CHEMBL513897
CHEMBL2041	CHEMBL514162
CHEMBL2041	CHEMBL514499
CHEMBL2041	CHEMBL520037
CHEMBL2041	CHEMBL521806
CHEMBL2041	CHEMBL581096
CHEMBL2041	CHEMBL588025
CHEMBL2041	CHEMBL63728
CHEMBL2041	CHEMBL66004
CHEMBL2041	CHEMBL67241
CHEMBL2068	CHEMBL1909352
CHEMBL2068	CHEMBL1909365
CHEMBL2068	CHEMBL1909368
CHEMBL2068	CHEMBL1909369
CHEMBL2068	CHEMBL1909370
CHEMBL2068	CHEMBL1909396
CHEMBL2068	CHEMBL230911
CHEMBL2068	CHEMBL237347
CHEMBL2068	CHEMBL241517
CHEMBL2068	CHEMBL243907
CHEMBL2068	CHEMBL247228
CHEMBL2068	CHEMBL251549
CHEMBL2068	CHEMBL273564
CHEMBL2068	CHEMBL374060
CHEMBL2068	CHEMBL479079
CHEMBL2068	CHEMBL581096
CHEMBL2068	CHEMBL588025
CHEMBL2073	CHEMBL1789961
CHEMBL2073	CHEMBL179311
CHEMBL2073	CHEMBL179465
CHEMBL2073	CHEMBL185939
CHEMBL2073	CHEMBL186213
CHEMBL2073	CHEMBL188257
CHEMBL2073	CHEMBL188381
CHEMBL2073	CHEMBL189148
CHEMBL2073	CHEMBL189459
CHEMBL2073	CHEMBL1909358
CHEMBL2073	CHEMBL1909359
CHEMBL2073	CHEMBL1909380
CHEMBL2073	CHEMBL1909381
CHEMBL2073	CHEMBL1909383
CHEMBL2073	CHEMBL1909396
CHEMBL2073	CHEMBL191705
CHEMBL2073	CHEMBL206010
CHEMBL2073	CHEMBL237347
CHEMBL2073	CHEMBL241517
CHEMBL2073	CHEMBL251549
CHEMBL2073	CHEMBL275473
CHEMBL2073	CHEMBL306865
CHEMBL2073	CHEMBL362155
CHEMBL2073	CHEMBL365297
CHEMBL2073	CHEMBL372474
CHEMBL2073	CHEMBL427159
CHEMBL2073	CHEMBL434729
CHEMBL2073	CHEMBL441702
CHEMBL2073	CHEMBL468963
CHEMBL2073	CHEMBL475761
CHEMBL2073	CHEMBL479079
CHEMBL2073	CHEMBL581096
CHEMBL2073	CHEMBL63728
CHEMBL2073	CHEMBL66004
CHEMBL2073	CHEMBL66292
CHEMBL2073	CHEMBL67241
CHEMBL2116	CHEMBL1794055
CHEMBL2116	CHEMBL1909349
CHEMBL2116	CHEMBL1956068
CHEMBL2116	CHEMBL272028
CHEMBL2116	CHEMBL409892
CHEMBL2147	CHEMBL1794052
CHEMBL2147	CHEMBL1794068
CHEMBL2147	CHEMBL1794069
CHEMBL2147	CHEMBL1794070
CHEMBL2147	CHEMBL185962
CHEMBL2147	CHEMBL188268
CHEMBL2147	CHEMBL189231
CHEMBL2147	CHEMBL1895450
CHEMBL2147	CHEMBL1909343
CHEMBL2147	CHEMBL1909384
CHEMBL2147	CHEMBL1956068
CHEMBL2147	CHEMBL260417
CHEMBL2147	CHEMBL272028
CHEMBL2147	CHEMBL456252
CHEMBL2147	CHEMBL463931
CHEMBL2147	CHEMBL468963
CHEMBL2147	CHEMBL477069
CHEMBL2147	CHEMBL506153
CHEMBL2148	CHEMBL156263
CHEMBL2148	CHEMBL160333
CHEMBL2148	CHEMBL1789963
CHEMBL2148	CHEMBL1794055
CHEMBL2148	CHEMBL218720
CHEMBL2148	CHEMBL260417
CHEMBL2148	CHEMBL270544
CHEMBL2148	CHEMBL271595
CHEMBL2148	CHEMBL359999
CHEMBL2148	CHEMBL373751
CHEMBL2148	CHEMBL409892
CHEMBL2185	CHEMBL1516890
CHEMBL2185	CHEMBL175321
CHEMBL2185	CHEMBL176857
CHEMBL2185	CHEMBL1789961
CHEMBL2185	CHEMBL1794055
CHEMBL2185	CHEMBL1794060
CHEMBL2185	CHEMBL187081
CHEMBL2185	CHEMBL1882194
CHEMBL2185	CHEMBL188381
CHEMBL2185	CHEMBL189353
CHEMBL2185	CHEMBL1909359
CHEMBL2185	CHEMBL1909360
CHEMBL2185	CHEMBL1909361
CHEMBL2185	CHEMBL1909362
CHEMBL2185	CHEMBL1956068
CHEMBL2185	CHEMBL206010
CHEMBL2185	CHEMBL247228
CHEMBL2185	CHEMBL251549
CHEMBL2185	CHEMBL271595
CHEMBL2185	CHEMBL273564
CHEMBL2185	CHEMBL359999
CHEMBL2185	CHEMBL361894
CHEMBL2185	CHEMBL373751
CHEMBL2185	CHEMBL409892
CHEMBL2185	CHEMBL468963
CHEMBL2185	CHEMBL473420
CHEMBL2185	CHEMBL475761
CHEMBL2185	CHEMBL495696
CHEMBL2185	CHEMBL588025
CHEMBL2250	CHEMBL1789961
CHEMBL2250	CHEMBL179311
CHEMBL2250	CHEMBL1794055
CHEMBL2250	CHEMBL179465
CHEMBL2250	CHEMBL188381
CHEMBL2250	CHEMBL189353
CHEMBL2250	CHEMBL1909358
CHEMBL2250	CHEMBL1909359
CHEMBL2250	CHEMBL1909380
CHEMBL2250	CHEMBL1909381
CHEMBL2250	CHEMBL1909383
CHEMBL2250	CHEMBL206010
CHEMBL2250	CHEMBL237347
CHEMBL2250	CHEMBL251549
CHEMBL2250	CHEMBL306865
CHEMBL2250	CHEMBL365297
CHEMBL2250	CHEMBL372474
CHEMBL2250	CHEMBL373751
CHEMBL2250	CHEMBL409892
CHEMBL2250	CHEMBL434729
CHEMBL2250	CHEMBL441702
CHEMBL2250	CHEMBL479079
CHEMBL2250	CHEMBL521806
CHEMBL2250	CHEMBL581096
CHEMBL2250	CHEMBL66004
CHEMBL2250	CHEMBL67241
CHEMBL2292	CHEMBL1789963
CHEMBL2292	CHEMBL1794050
CHEMBL2292	CHEMBL1794052
CHEMBL2292	CHEMBL1794055
CHEMBL2292	CHEMBL185962
CHEMBL2292	CHEMBL187081
CHEMBL2292	CHEMBL188048
CHEMBL2292	CHEMBL1882194
CHEMBL2292	CHEMBL189231
CHEMBL2292	CHEMBL1909343
CHEMBL2292	CHEMBL1909345
CHEMBL2292	CHEMBL1909347
CHEMBL2292	CHEMBL1909383
CHEMBL2292	CHEMBL206010
CHEMBL2292	CHEMBL2062289
CHEMBL2292	CHEMBL260417
CHEMBL2292	CHEMBL269827
CHEMBL2292	CHEMBL269883
CHEMBL2292	CHEMBL271595
CHEMBL2292	CHEMBL306865
CHEMBL2292	CHEMBL359963
CHEMBL2292	CHEMBL359999
CHEMBL2292	CHEMBL361894
CHEMBL2292	CHEMBL365248
CHEMBL2292	CHEMBL409892
CHEMBL2292	CHEMBL446024
CHEMBL2292	CHEMBL458865
CHEMBL2292	CHEMBL468963
CHEMBL2292	CHEMBL476259
CHEMBL2292	CHEMBL477069
CHEMBL2292	CHEMBL495696
CHEMBL2292	CHEMBL506153
CHEMBL2292	CHEMBL513330
CHEMBL2292	CHEMBL513897
CHEMBL2292	CHEMBL66292
CHEMBL2343	CHEMBL1794055
CHEMBL2343	CHEMBL1956068
CHEMBL2343	CHEMBL409892
CHEMBL2343	CHEMBL66004
CHEMBL2345	CHEMBL103115
CHEMBL2345	CHEMBL1794055
CHEMBL2345	CHEMBL1794064
CHEMBL2345	CHEMBL1794068
CHEMBL2345	CHEMBL185962
CHEMBL2345	CHEMBL188268
CHEMBL2345	CHEMBL189231
CHEMBL2345	CHEMBL1909349
CHEMBL2345	CHEMBL1909363
CHEMBL2345	CHEMBL1909384
CHEMBL2345	CHEMBL1956068
CHEMBL2345	CHEMBL220465
CHEMBL2345	CHEMBL427058
CHEMBL2345	CHEMBL458865
CHEMBL2345	CHEMBL463931
CHEMBL2345	CHEMBL476259
CHEMBL2345	CHEMBL506153
CHEMBL2349	CHEMBL458865
CHEMBL2349	CHEMBL476259
CHEMBL2349	CHEMBL477069
CHEMBL2426	CHEMBL365297
CHEMBL2426	CHEMBL468963
CHEMBL2426	CHEMBL476259
CHEMBL2426	CHEMBL477069
CHEMBL2426	CHEMBL513897
CHEMBL2431	CHEMBL1096290
CHEMBL2431	CHEMBL1096626
CHEMBL2431	CHEMBL1096634
CHEMBL2431	CHEMBL1794065
CHEMBL2431	CHEMBL1794066
CHEMBL2431	CHEMBL1909349
CHEMBL2431	CHEMBL1909350
CHEMBL2508	CHEMBL103115
CHEMBL2508	CHEMBL1794055
CHEMBL2508	CHEMBL1794056
CHEMBL2508	CHEMBL1794057
CHEMBL2508	CHEMBL1794058
CHEMBL2508	CHEMBL1794059
CHEMBL2508	CHEMBL1794061
CHEMBL2508	CHEMBL187081
CHEMBL2508	CHEMBL1882194
CHEMBL2508	CHEMBL1909343
CHEMBL2508	CHEMBL1909347
CHEMBL2508	CHEMBL1909351
CHEMBL2508	CHEMBL1909383
CHEMBL2508	CHEMBL1909399
CHEMBL2508	CHEMBL206010
CHEMBL2508	CHEMBL2062290
CHEMBL2508	CHEMBL260417
CHEMBL2508	CHEMBL261129
CHEMBL2508	CHEMBL269827
CHEMBL2508	CHEMBL269883
CHEMBL2508	CHEMBL270054
CHEMBL2508	CHEMBL270544
CHEMBL2508	CHEMBL271595
CHEMBL2508	CHEMBL272026
CHEMBL2508	CHEMBL272028
CHEMBL2508	CHEMBL272165
CHEMBL2508	CHEMBL306865
CHEMBL2508	CHEMBL359999
CHEMBL2508	CHEMBL361894
CHEMBL2508	CHEMBL405042
CHEMBL2508	CHEMBL409892
CHEMBL2508	CHEMBL410072
CHEMBL2508	CHEMBL468963
CHEMBL2508	CHEMBL486124
CHEMBL2508	CHEMBL495696
CHEMBL2527	CHEMBL1956068
CHEMBL2527	CHEMBL450071
CHEMBL2527	CHEMBL458865
CHEMBL2527	CHEMBL476259
CHEMBL2527	CHEMBL477069
CHEMBL2527	CHEMBL511765
CHEMBL2527	CHEMBL513897
CHEMBL2543	CHEMBL365297
CHEMBL2543	CHEMBL468963
CHEMBL2543	CHEMBL476259
CHEMBL2543	CHEMBL477069
CHEMBL2553	CHEMBL1794055
CHEMBL2553	CHEMBL1794064
CHEMBL2553	CHEMBL185962
CHEMBL2553	CHEMBL188268
CHEMBL2553	CHEMBL189231
CHEMBL2553	CHEMBL1909349
CHEMBL2553	CHEMBL1909363
CHEMBL2553	CHEMBL1909384
CHEMBL2553	CHEMBL1909396
CHEMBL2553	CHEMBL1956068
CHEMBL2553	CHEMBL220465
CHEMBL2553	CHEMBL365286
CHEMBL2553	CHEMBL427058
CHEMBL2553	CHEMBL458865
CHEMBL2553	CHEMBL463931
CHEMBL2553	CHEMBL476259
CHEMBL2553	CHEMBL477069
CHEMBL2553	CHEMBL506153
CHEMBL2553	CHEMBL513897
CHEMBL2558	CHEMBL409892
CHEMBL258	CHEMBL1789961
CHEMBL258	CHEMBL1794073
CHEMBL258	CHEMBL179465
CHEMBL258	CHEMBL188257
CHEMBL258	CHEMBL188381
CHEMBL258	CHEMBL189148
CHEMBL258	CHEMBL189353
CHEMBL258	CHEMBL189459
CHEMBL258	CHEMBL1909357
CHEMBL258	CHEMBL1909358
CHEMBL258	CHEMBL1909359
CHEMBL258	CHEMBL1909380
CHEMBL258	CHEMBL1909381
CHEMBL258	CHEMBL1909383
CHEMBL258	CHEMBL1909396
CHEMBL258	CHEMBL206010
CHEMBL258	CHEMBL237347
CHEMBL258	CHEMBL241517
CHEMBL258	CHEMBL251549
CHEMBL258	CHEMBL306865
CHEMBL258	CHEMBL365297
CHEMBL258	CHEMBL372474
CHEMBL258	CHEMBL373751
CHEMBL258	CHEMBL441702
CHEMBL258	CHEMBL479079
CHEMBL258	CHEMBL581096
CHEMBL258	CHEMBL588025
CHEMBL258	CHEMBL63728
CHEMBL258	CHEMBL66004
CHEMBL258	CHEMBL66292
CHEMBL258	CHEMBL67241
CHEMBL2595	CHEMBL1794055
CHEMBL2595	CHEMBL1882194
CHEMBL2595	CHEMBL189459
CHEMBL2595	CHEMBL1895450
CHEMBL2595	CHEMBL1909349
CHEMBL2595	CHEMBL205158
CHEMBL2595	CHEMBL271595
CHEMBL2595	CHEMBL361894
CHEMBL2595	CHEMBL409892
CHEMBL2595	CHEMBL434729
CHEMBL2595	CHEMBL456252
CHEMBL2595	CHEMBL458865
CHEMBL2595	CHEMBL463931
CHEMBL2595	CHEMBL468963
CHEMBL2595	CHEMBL476259
CHEMBL2595	CHEMBL477069
CHEMBL2595	CHEMBL495696
CHEMBL2595	CHEMBL513897
CHEMBL2598	CHEMBL1909363
CHEMBL2599	CHEMBL359999
CHEMBL2599	CHEMBL476259
CHEMBL2599	CHEMBL477069
CHEMBL2599	CHEMBL495696
CHEMBL260	CHEMBL13868
CHEMBL260	CHEMBL13972
CHEMBL260	CHEMBL14014
CHEMBL260	CHEMBL1785002
CHEMBL260	CHEMBL1785003
CHEMBL260	CHEMBL1785004
CHEMBL260	CHEMBL1794071
CHEMBL260	CHEMBL185939
CHEMBL260	CHEMBL186213
CHEMBL260	CHEMBL188257
CHEMBL260	CHEMBL1885746
CHEMBL260	CHEMBL1888586
CHEMBL260	CHEMBL189148
CHEMBL260	CHEMBL189459
CHEMBL260	CHEMBL1909369
CHEMBL260	CHEMBL1909372
CHEMBL260	CHEMBL1909400
CHEMBL260	CHEMBL1909401
CHEMBL260	CHEMBL1909403
CHEMBL260	CHEMBL1909404
CHEMBL260	CHEMBL1909405
CHEMBL260	CHEMBL1909406
CHEMBL260	CHEMBL1909407
CHEMBL260	CHEMBL1909412
CHEMBL260	CHEMBL1909413
CHEMBL260	CHEMBL237347
CHEMBL260	CHEMBL241517
CHEMBL260	CHEMBL269450
CHEMBL260	CHEMBL269985
CHEMBL260	CHEMBL273611
CHEMBL260	CHEMBL274863
CHEMBL260	CHEMBL275168
CHEMBL260	CHEMBL275200
CHEMBL260	CHEMBL275666
CHEMBL260	CHEMBL275724
CHEMBL260	CHEMBL275798
CHEMBL260	CHEMBL318892
CHEMBL260	CHEMBL330422
CHEMBL260	CHEMBL361237
CHEMBL260	CHEMBL362155
CHEMBL260	CHEMBL365297
CHEMBL260	CHEMBL365663
CHEMBL260	CHEMBL402108
CHEMBL260	CHEMBL417804
CHEMBL260	CHEMBL418348
CHEMBL260	CHEMBL427159
CHEMBL260	CHEMBL428877
CHEMBL260	CHEMBL434729
CHEMBL260	CHEMBL476351
CHEMBL260	CHEMBL477182
CHEMBL260	CHEMBL477583
CHEMBL260	CHEMBL485745
CHEMBL260	CHEMBL495902
CHEMBL260	CHEMBL516908
CHEMBL260	CHEMBL517507
CHEMBL260	CHEMBL517666
CHEMBL260	CHEMBL581096
CHEMBL260	CHEMBL95207
CHEMBL260	CHEMBL95502
CHEMBL262	CHEMBL1096626
CHEMBL262	CHEMBL1096634
CHEMBL262	CHEMBL156263
CHEMBL262	CHEMBL156987
CHEMBL262	CHEMBL160333
CHEMBL262	CHEMBL160937
CHEMBL262	CHEMBL1789961
CHEMBL262	CHEMBL1789963
CHEMBL262	CHEMBL1794055
CHEMBL262	CHEMBL1794065
CHEMBL262	CHEMBL1794066
CHEMBL262	CHEMBL185962
CHEMBL262	CHEMBL187081
CHEMBL262	CHEMBL1882194
CHEMBL262	CHEMBL188268
CHEMBL262	CHEMBL189231
CHEMBL262	CHEMBL189415
CHEMBL262	CHEMBL189459
CHEMBL262	CHEMBL1909343
CHEMBL262	CHEMBL1909344
CHEMBL262	CHEMBL1909345
CHEMBL262	CHEMBL1909347
CHEMBL262	CHEMBL1909349
CHEMBL262	CHEMBL1909363
CHEMBL262	CHEMBL1909383
CHEMBL262	CHEMBL1909399
CHEMBL262	CHEMBL1909412
CHEMBL262	CHEMBL206010
CHEMBL262	CHEMBL2062289
CHEMBL262	CHEMBL2062290
CHEMBL262	CHEMBL260417
CHEMBL262	CHEMBL261129
CHEMBL262	CHEMBL269827
CHEMBL262	CHEMBL269883
CHEMBL262	CHEMBL270054
CHEMBL262	CHEMBL271595
CHEMBL262	CHEMBL272026
CHEMBL262	CHEMBL272028
CHEMBL262	CHEMBL272165
CHEMBL262	CHEMBL305477
CHEMBL262	CHEMBL306865
CHEMBL262	CHEMBL352222
CHEMBL262	CHEMBL359963
CHEMBL262	CHEMBL359999
CHEMBL262	CHEMBL361894
CHEMBL262	CHEMBL365248
CHEMBL262	CHEMBL365297
CHEMBL262	CHEMBL408564
CHEMBL262	CHEMBL409892
CHEMBL262	CHEMBL410072
CHEMBL262	CHEMBL434729
CHEMBL262	CHEMBL468963
CHEMBL262	CHEMBL495696
CHEMBL262	CHEMBL65884
CHEMBL262	CHEMBL66292
CHEMBL262	CHEMBL67241
CHEMBL262	CHEMBL69757
CHEMBL2634	CHEMBL1909380
CHEMBL2634	CHEMBL1909396
CHEMBL2634	CHEMBL237347
CHEMBL2634	CHEMBL241517
CHEMBL2634	CHEMBL479079
CHEMBL2634	CHEMBL531804
CHEMBL2634	CHEMBL581096
CHEMBL267	CHEMBL1789961
CHEMBL267	CHEMBL1789962
CHEMBL267	CHEMBL179311
CHEMBL267	CHEMBL1794055
CHEMBL267	CHEMBL1794060
CHEMBL267	CHEMBL179465
CHEMBL267	CHEMBL188257
CHEMBL267	CHEMBL188381
CHEMBL267	CHEMBL189353
CHEMBL267	CHEMBL189459
CHEMBL267	CHEMBL1909352
CHEMBL267	CHEMBL1909357
CHEMBL267	CHEMBL1909358
CHEMBL267	CHEMBL1909359
CHEMBL267	CHEMBL1909381
CHEMBL267	CHEMBL1909382
CHEMBL267	CHEMBL1909383
CHEMBL267	CHEMBL1909396
CHEMBL267	CHEMBL1909412
CHEMBL267	CHEMBL1909413
CHEMBL267	CHEMBL191705
CHEMBL267	CHEMBL204934
CHEMBL267	CHEMBL206010
CHEMBL267	CHEMBL218088
CHEMBL267	CHEMBL218859
CHEMBL267	CHEMBL230911
CHEMBL267	CHEMBL237347
CHEMBL267	CHEMBL241517
CHEMBL267	CHEMBL251549
CHEMBL267	CHEMBL273564
CHEMBL267	CHEMBL275473
CHEMBL267	CHEMBL306865
CHEMBL267	CHEMBL359999
CHEMBL267	CHEMBL365297
CHEMBL267	CHEMBL372474
CHEMBL267	CHEMBL373751
CHEMBL267	CHEMBL374060
CHEMBL267	CHEMBL409892
CHEMBL267	CHEMBL434729
CHEMBL267	CHEMBL441702
CHEMBL267	CHEMBL443563
CHEMBL267	CHEMBL468963
CHEMBL267	CHEMBL479079
CHEMBL267	CHEMBL495696
CHEMBL267	CHEMBL520037
CHEMBL267	CHEMBL581096
CHEMBL267	CHEMBL63728
CHEMBL267	CHEMBL66004
CHEMBL267	CHEMBL66292
CHEMBL267	CHEMBL67241
CHEMBL267	CHEMBL69757
CHEMBL2689	CHEMBL1789961
CHEMBL2689	CHEMBL1794055
CHEMBL2689	CHEMBL188381
CHEMBL2689	CHEMBL189353
CHEMBL2689	CHEMBL1909360
CHEMBL2689	CHEMBL1909383
CHEMBL2689	CHEMBL306865
CHEMBL2689	CHEMBL441702
CHEMBL2689	CHEMBL67241
CHEMBL2742	CHEMBL179311
CHEMBL2742	CHEMBL1794055
CHEMBL2742	CHEMBL179465
CHEMBL2742	CHEMBL1909358
CHEMBL2742	CHEMBL1909359
CHEMBL2742	CHEMBL1909396
CHEMBL2742	CHEMBL191705
CHEMBL2742	CHEMBL271595
CHEMBL2742	CHEMBL275473
CHEMBL2742	CHEMBL372474
CHEMBL2742	CHEMBL396107
CHEMBL2742	CHEMBL409892
CHEMBL2793	CHEMBL1882194
CHEMBL2793	CHEMBL1888586
CHEMBL2793	CHEMBL189459
CHEMBL2793	CHEMBL1909377
CHEMBL2793	CHEMBL1909404
CHEMBL2793	CHEMBL1909407
CHEMBL2793	CHEMBL318892
CHEMBL2793	CHEMBL330422
CHEMBL2793	CHEMBL365297
CHEMBL2793	CHEMBL434729
CHEMBL2793	CHEMBL458865
CHEMBL2793	CHEMBL468963
CHEMBL2793	CHEMBL476259
CHEMBL2793	CHEMBL477069
CHEMBL2793	CHEMBL485745
CHEMBL2793	CHEMBL495696
CHEMBL2793	CHEMBL95207
CHEMBL2793	CHEMBL95502
CHEMBL279	CHEMBL1096626
CHEMBL279	CHEMBL1096634
CHEMBL279	CHEMBL1516890
CHEMBL279	CHEMBL179311
CHEMBL279	CHEMBL1794055
CHEMBL279	CHEMBL1794065
CHEMBL279	CHEMBL1794066
CHEMBL279	CHEMBL1794073
CHEMBL279	CHEMBL179465
CHEMBL279	CHEMBL185238
CHEMBL279	CHEMBL185962
CHEMBL279	CHEMBL188257
CHEMBL279	CHEMBL188381
CHEMBL279	CHEMBL189353
CHEMBL279	CHEMBL189459
CHEMBL279	CHEMBL1909349
CHEMBL279	CHEMBL1909350
CHEMBL279	CHEMBL1909357
CHEMBL279	CHEMBL1909358
CHEMBL279	CHEMBL1909359
CHEMBL279	CHEMBL1909360
CHEMBL279	CHEMBL1909364
CHEMBL279	CHEMBL1909366
CHEMBL279	CHEMBL1909368
CHEMBL279	CHEMBL1909369
CHEMBL279	CHEMBL1909370
CHEMBL279	CHEMBL1909372
CHEMBL279	CHEMBL1909374
CHEMBL279	CHEMBL1909375
CHEMBL279	CHEMBL1909381
CHEMBL279	CHEMBL1909383
CHEMBL279	CHEMBL1909396
CHEMBL279	CHEMBL1909412
CHEMBL279	CHEMBL1909413
CHEMBL279	CHEMBL191705
CHEMBL279	CHEMBL1956068
CHEMBL279	CHEMBL205158
CHEMBL279	CHEMBL206010
CHEMBL279	CHEMBL208437
CHEMBL279	CHEMBL222419
CHEMBL279	CHEMBL237347
CHEMBL279	CHEMBL243907
CHEMBL279	CHEMBL247228
CHEMBL279	CHEMBL251549
CHEMBL279	CHEMBL260417
CHEMBL279	CHEMBL269883
CHEMBL279	CHEMBL271595
CHEMBL279	CHEMBL272414
CHEMBL279	CHEMBL273564
CHEMBL279	CHEMBL275473
CHEMBL279	CHEMBL306865
CHEMBL279	CHEMBL359999
CHEMBL279	CHEMBL361237
CHEMBL279	CHEMBL365297
CHEMBL279	CHEMBL365663
CHEMBL279	CHEMBL372474
CHEMBL279	CHEMBL373751
CHEMBL279	CHEMBL396107
CHEMBL279	CHEMBL409892
CHEMBL279	CHEMBL410072
CHEMBL279	CHEMBL434729
CHEMBL279	CHEMBL468963
CHEMBL279	CHEMBL477583
CHEMBL279	CHEMBL479079
CHEMBL279	CHEMBL480382
CHEMBL279	CHEMBL514162
CHEMBL279	CHEMBL514499
CHEMBL279	CHEMBL521806
CHEMBL279	CHEMBL581096
CHEMBL279	CHEMBL588025
CHEMBL279	CHEMBL66292
CHEMBL279	CHEMBL67241
CHEMBL2801	CHEMBL1956068
CHEMBL2801	CHEMBL373751
CHEMBL2801	CHEMBL458865
CHEMBL2801	CHEMBL468963
CHEMBL2801	CHEMBL476259
CHEMBL2801	CHEMBL477069
CHEMBL2801	CHEMBL495696
CHEMBL2815	CHEMBL1516890
CHEMBL2815	CHEMBL175321
CHEMBL2815	CHEMBL176857
CHEMBL2815	CHEMBL1794055
CHEMBL2815	CHEMBL1794057
CHEMBL2815	CHEMBL188381
CHEMBL2815	CHEMBL189353
CHEMBL2815	CHEMBL1909360
CHEMBL2815	CHEMBL1909365
CHEMBL2815	CHEMBL1909368
CHEMBL2815	CHEMBL1909369
CHEMBL2815	CHEMBL1909370
CHEMBL2815	CHEMBL1909374
CHEMBL2815	CHEMBL1909396
CHEMBL2815	CHEMBL247228
CHEMBL2815	CHEMBL270544
CHEMBL2815	CHEMBL271595
CHEMBL2815	CHEMBL273564
CHEMBL2815	CHEMBL396107
CHEMBL2815	CHEMBL409892
CHEMBL2815	CHEMBL479079
CHEMBL2815	CHEMBL495696
CHEMBL2815	CHEMBL588025
CHEMBL2835	CHEMBL1794055
CHEMBL2835	CHEMBL1794073
CHEMBL2835	CHEMBL218720
CHEMBL2835	CHEMBL260417
CHEMBL2835	CHEMBL384073
CHEMBL2835	CHEMBL427058
CHEMBL2835	CHEMBL479079
CHEMBL2850	CHEMBL1096626
CHEMBL2850	CHEMBL1096634
CHEMBL2850	CHEMBL156263
CHEMBL2850	CHEMBL156987
CHEMBL2850	CHEMBL157258
CHEMBL2850	CHEMBL160333
CHEMBL2850	CHEMBL160876
CHEMBL2850	CHEMBL160937
CHEMBL2850	CHEMBL1789961
CHEMBL2850	CHEMBL1789963
CHEMBL2850	CHEMBL1794055
CHEMBL2850	CHEMBL1794065
CHEMBL2850	CHEMBL185962
CHEMBL2850	CHEMBL187081
CHEMBL2850	CHEMBL188048
CHEMBL2850	CHEMBL1882194
CHEMBL2850	CHEMBL188268
CHEMBL2850	CHEMBL189231
CHEMBL2850	CHEMBL189415
CHEMBL2850	CHEMBL1909343
CHEMBL2850	CHEMBL1909344
CHEMBL2850	CHEMBL1909345
CHEMBL2850	CHEMBL1909347
CHEMBL2850	CHEMBL1909349
CHEMBL2850	CHEMBL1909363
CHEMBL2850	CHEMBL1909383
CHEMBL2850	CHEMBL1909399
CHEMBL2850	CHEMBL206010
CHEMBL2850	CHEMBL2062289
CHEMBL2850	CHEMBL2062290
CHEMBL2850	CHEMBL260417
CHEMBL2850	CHEMBL261129
CHEMBL2850	CHEMBL269827
CHEMBL2850	CHEMBL269883
CHEMBL2850	CHEMBL270054
CHEMBL2850	CHEMBL270544
CHEMBL2850	CHEMBL271595
CHEMBL2850	CHEMBL272026
CHEMBL2850	CHEMBL272028
CHEMBL2850	CHEMBL272165
CHEMBL2850	CHEMBL303687
CHEMBL2850	CHEMBL305477
CHEMBL2850	CHEMBL306865
CHEMBL2850	CHEMBL346551
CHEMBL2850	CHEMBL352222
CHEMBL2850	CHEMBL359963
CHEMBL2850	CHEMBL359999
CHEMBL2850	CHEMBL361894
CHEMBL2850	CHEMBL365248
CHEMBL2850	CHEMBL365297
CHEMBL2850	CHEMBL408564
CHEMBL2850	CHEMBL409892
CHEMBL2850	CHEMBL410072
CHEMBL2850	CHEMBL434729
CHEMBL2850	CHEMBL468963
CHEMBL2850	CHEMBL495696
CHEMBL2850	CHEMBL65884
CHEMBL2850	CHEMBL66292
CHEMBL2850	CHEMBL67241
CHEMBL2850	CHEMBL69757
CHEMBL2896	CHEMBL1096626
CHEMBL2896	CHEMBL1096634
CHEMBL2896	CHEMBL1794055
CHEMBL2896	CHEMBL1794064
CHEMBL2896	CHEMBL1794065
CHEMBL2896	CHEMBL1794066
CHEMBL2896	CHEMBL185962
CHEMBL2896	CHEMBL188268
CHEMBL2896	CHEMBL189231
CHEMBL2896	CHEMBL1909349
CHEMBL2896	CHEMBL1909350
CHEMBL2896	CHEMBL1909363
CHEMBL2896	CHEMBL1909375
CHEMBL2896	CHEMBL1909384
CHEMBL2896	CHEMBL1956068
CHEMBL2896	CHEMBL220465
CHEMBL2896	CHEMBL269883
CHEMBL2896	CHEMBL272028
CHEMBL2896	CHEMBL365286
CHEMBL2896	CHEMBL427058
CHEMBL2896	CHEMBL441702
CHEMBL2896	CHEMBL468963
CHEMBL2896	CHEMBL506153
CHEMBL2896	CHEMBL66004
CHEMBL2938	CHEMBL1794066
CHEMBL2938	CHEMBL1909349
CHEMBL2938	CHEMBL1909363
CHEMBL2959	CHEMBL188381
CHEMBL2959	CHEMBL189353
CHEMBL2971	CHEMBL1794073
CHEMBL2971	CHEMBL218720
CHEMBL2971	CHEMBL251549
CHEMBL2971	CHEMBL479079
CHEMBL2973	CHEMBL1096634
CHEMBL2973	CHEMBL1794055
CHEMBL2973	CHEMBL1794064
CHEMBL2973	CHEMBL185962
CHEMBL2973	CHEMBL188048
CHEMBL2973	CHEMBL188268
CHEMBL2973	CHEMBL189231
CHEMBL2973	CHEMBL1909349
CHEMBL2973	CHEMBL1909360
CHEMBL2973	CHEMBL1909363
CHEMBL2973	CHEMBL1909384
CHEMBL2973	CHEMBL218720
CHEMBL2973	CHEMBL220465
CHEMBL2973	CHEMBL269827
CHEMBL2973	CHEMBL374453
CHEMBL2973	CHEMBL384073
CHEMBL2973	CHEMBL396107
CHEMBL2973	CHEMBL409892
CHEMBL2973	CHEMBL427058
CHEMBL2973	CHEMBL441702
CHEMBL2973	CHEMBL463931
CHEMBL2973	CHEMBL476259
CHEMBL2973	CHEMBL477069
CHEMBL2973	CHEMBL485598
CHEMBL2973	CHEMBL506153
CHEMBL299	CHEMBL1909349
CHEMBL299	CHEMBL318892
CHEMBL299	CHEMBL359999
CHEMBL299	CHEMBL468963
CHEMBL299	CHEMBL495696
CHEMBL299	CHEMBL506153
CHEMBL3009	CHEMBL186213
CHEMBL3009	CHEMBL188257
CHEMBL3009	CHEMBL188794
CHEMBL3009	CHEMBL189148
CHEMBL3009	CHEMBL189459
CHEMBL3009	CHEMBL1909355
CHEMBL3009	CHEMBL1909357
CHEMBL3009	CHEMBL1909358
CHEMBL3009	CHEMBL1909379
CHEMBL3009	CHEMBL1909380
CHEMBL3009	CHEMBL1909385
CHEMBL3009	CHEMBL1909386
CHEMBL3009	CHEMBL1909388
CHEMBL3009	CHEMBL1909390
CHEMBL3009	CHEMBL1909391
CHEMBL3009	CHEMBL1909392
CHEMBL3009	CHEMBL1909393
CHEMBL3009	CHEMBL1909394
CHEMBL3009	CHEMBL1909395
CHEMBL3009	CHEMBL1909408
CHEMBL3009	CHEMBL1909409
CHEMBL3009	CHEMBL1909410
CHEMBL3009	CHEMBL1909411
CHEMBL3009	CHEMBL1909415
CHEMBL3009	CHEMBL205765
CHEMBL3009	CHEMBL205798
CHEMBL3009	CHEMBL205966
CHEMBL3009	CHEMBL207247
CHEMBL3009	CHEMBL207410
CHEMBL3009	CHEMBL212250
CHEMBL3009	CHEMBL215993
CHEMBL3009	CHEMBL237347
CHEMBL3009	CHEMBL30432
CHEMBL3009	CHEMBL362155
CHEMBL3009	CHEMBL365297
CHEMBL3009	CHEMBL384407
CHEMBL3009	CHEMBL427159
CHEMBL3009	CHEMBL434729
CHEMBL3009	CHEMBL458865
CHEMBL3009	CHEMBL466412
CHEMBL3009	CHEMBL475599
CHEMBL3009	CHEMBL475761
CHEMBL3009	CHEMBL476259
CHEMBL3009	CHEMBL477069
CHEMBL3009	CHEMBL505187
CHEMBL3009	CHEMBL505915
CHEMBL3009	CHEMBL507329
CHEMBL3009	CHEMBL512076
CHEMBL3009	CHEMBL514938
CHEMBL3009	CHEMBL517123
CHEMBL3009	CHEMBL517907
CHEMBL3009	CHEMBL529066
CHEMBL3009	CHEMBL531804
CHEMBL3009	CHEMBL581096
CHEMBL301	CHEMBL103104
CHEMBL301	CHEMBL103115
CHEMBL301	CHEMBL1794055
CHEMBL301	CHEMBL187081
CHEMBL301	CHEMBL1882194
CHEMBL301	CHEMBL1909343
CHEMBL301	CHEMBL1909347
CHEMBL301	CHEMBL1909383
CHEMBL301	CHEMBL1909399
CHEMBL301	CHEMBL194062
CHEMBL301	CHEMBL206010
CHEMBL301	CHEMBL251549
CHEMBL301	CHEMBL260417
CHEMBL301	CHEMBL261129
CHEMBL301	CHEMBL269827
CHEMBL301	CHEMBL269883
CHEMBL301	CHEMBL270054
CHEMBL301	CHEMBL270544
CHEMBL301	CHEMBL271595
CHEMBL301	CHEMBL271843
CHEMBL301	CHEMBL272026
CHEMBL301	CHEMBL272028
CHEMBL301	CHEMBL272165
CHEMBL301	CHEMBL272414
CHEMBL301	CHEMBL306865
CHEMBL301	CHEMBL359963
CHEMBL301	CHEMBL359999
CHEMBL301	CHEMBL361894
CHEMBL301	CHEMBL365248
CHEMBL301	CHEMBL405042
CHEMBL301	CHEMBL409892
CHEMBL301	CHEMBL410072
CHEMBL301	CHEMBL468963
CHEMBL301	CHEMBL495696
CHEMBL301	CHEMBL495771
CHEMBL301	CHEMBL66292
CHEMBL3024	CHEMBL1794067
CHEMBL3024	CHEMBL1794068
CHEMBL3024	CHEMBL1794069
CHEMBL3024	CHEMBL1794070
CHEMBL3024	CHEMBL1895450
CHEMBL3024	CHEMBL222419
CHEMBL3024	CHEMBL456252
CHEMBL3024	CHEMBL458865
CHEMBL3024	CHEMBL463931
CHEMBL3024	CHEMBL471789
CHEMBL3024	CHEMBL473629
CHEMBL3024	CHEMBL480371
CHEMBL3024	CHEMBL480382
CHEMBL3024	CHEMBL481510
CHEMBL3024	CHEMBL493326
CHEMBL3024	CHEMBL511765
CHEMBL3024	CHEMBL513897
CHEMBL3024	CHEMBL514162
CHEMBL3024	CHEMBL514499
CHEMBL3024	CHEMBL516248
CHEMBL3024	CHEMBL518953
CHEMBL3024	CHEMBL520037
CHEMBL3024	CHEMBL521806
CHEMBL3024	CHEMBL522709
CHEMBL3038471	CHEMBL103115
CHEMBL3038471	CHEMBL1794055
CHEMBL3038471	CHEMBL187081
CHEMBL3038471	CHEMBL1882194
CHEMBL3038471	CHEMBL1909343
CHEMBL3038471	CHEMBL1909347
CHEMBL3038471	CHEMBL1909383
CHEMBL3038471	CHEMBL1909399
CHEMBL3038471	CHEMBL194062
CHEMBL3038471	CHEMBL206010
CHEMBL3038471	CHEMBL260417
CHEMBL3038471	CHEMBL261129
CHEMBL3038471	CHEMBL269827
CHEMBL3038471	CHEMBL269883
CHEMBL3038471	CHEMBL270054
CHEMBL3038471	CHEMBL270544
CHEMBL3038471	CHEMBL271595
CHEMBL3038471	CHEMBL271843
CHEMBL3038471	CHEMBL272026
CHEMBL3038471	CHEMBL272028
CHEMBL3038471	CHEMBL272165
CHEMBL3038471	CHEMBL359999
CHEMBL3038471	CHEMBL361894
CHEMBL3038471	CHEMBL405042
CHEMBL3038471	CHEMBL409892
CHEMBL3038471	CHEMBL410072
CHEMBL3038471	CHEMBL468963
CHEMBL3038471	CHEMBL495696
CHEMBL3045	CHEMBL1096634
CHEMBL3045	CHEMBL1794065
CHEMBL3045	CHEMBL1794066
CHEMBL3045	CHEMBL185962
CHEMBL3045	CHEMBL188268
CHEMBL3045	CHEMBL189231
CHEMBL3045	CHEMBL1909349
CHEMBL3045	CHEMBL1909363
CHEMBL3045	CHEMBL1909375
CHEMBL3045	CHEMBL1909384
CHEMBL3045	CHEMBL220465
CHEMBL3045	CHEMBL260417
CHEMBL3045	CHEMBL318892
CHEMBL3045	CHEMBL506153
CHEMBL308	CHEMBL103115
CHEMBL308	CHEMBL1794055
CHEMBL308	CHEMBL187081
CHEMBL308	CHEMBL1882194
CHEMBL308	CHEMBL1909343
CHEMBL308	CHEMBL1909383
CHEMBL308	CHEMBL194062
CHEMBL308	CHEMBL206010
CHEMBL308	CHEMBL260417
CHEMBL308	CHEMBL269827
CHEMBL308	CHEMBL269883
CHEMBL308	CHEMBL270544
CHEMBL308	CHEMBL271595
CHEMBL308	CHEMBL272026
CHEMBL308	CHEMBL272028
CHEMBL308	CHEMBL272165
CHEMBL308	CHEMBL306865
CHEMBL308	CHEMBL359963
CHEMBL308	CHEMBL359999
CHEMBL308	CHEMBL361894
CHEMBL308	CHEMBL409892
CHEMBL308	CHEMBL410072
CHEMBL308	CHEMBL468963
CHEMBL308	CHEMBL495696
CHEMBL308	CHEMBL66292
CHEMBL3125	CHEMBL175321
CHEMBL3125	CHEMBL1794055
CHEMBL3125	CHEMBL1794064
CHEMBL3125	CHEMBL185962
CHEMBL3125	CHEMBL188268
CHEMBL3125	CHEMBL189231
CHEMBL3125	CHEMBL1909349
CHEMBL3125	CHEMBL1909363
CHEMBL3125	CHEMBL1909384
CHEMBL3125	CHEMBL220465
CHEMBL3125	CHEMBL271595
CHEMBL3125	CHEMBL409892
CHEMBL3125	CHEMBL427058
CHEMBL3125	CHEMBL506153
CHEMBL3130	CHEMBL1794068
CHEMBL3130	CHEMBL1794069
CHEMBL3130	CHEMBL1794070
CHEMBL3130	CHEMBL1794073
CHEMBL3130	CHEMBL222419
CHEMBL3130	CHEMBL237347
CHEMBL3130	CHEMBL468963
CHEMBL3130	CHEMBL63728
CHEMBL3231	CHEMBL1794055
CHEMBL3231	CHEMBL185962
CHEMBL3231	CHEMBL188048
CHEMBL3231	CHEMBL188268
CHEMBL3231	CHEMBL189231
CHEMBL3231	CHEMBL1909349
CHEMBL3231	CHEMBL1909363
CHEMBL3231	CHEMBL1909384
CHEMBL3231	CHEMBL218720
CHEMBL3231	CHEMBL220465
CHEMBL3231	CHEMBL374453
CHEMBL3231	CHEMBL384073
CHEMBL3231	CHEMBL427058
CHEMBL3231	CHEMBL441702
CHEMBL3231	CHEMBL463931
CHEMBL3231	CHEMBL476259
CHEMBL3231	CHEMBL477069
CHEMBL3231	CHEMBL485598
CHEMBL3231	CHEMBL506153
CHEMBL3234	CHEMBL179311
CHEMBL3234	CHEMBL1794073
CHEMBL3234	CHEMBL179465
CHEMBL3234	CHEMBL188381
CHEMBL3234	CHEMBL1909352
CHEMBL3234	CHEMBL1909357
CHEMBL3234	CHEMBL1909358
CHEMBL3234	CHEMBL1909359
CHEMBL3234	CHEMBL1909381
CHEMBL3234	CHEMBL1909383
CHEMBL3234	CHEMBL1909396
CHEMBL3234	CHEMBL1909412
CHEMBL3234	CHEMBL1909413
CHEMBL3234	CHEMBL191705
CHEMBL3234	CHEMBL1956068
CHEMBL3234	CHEMBL206010
CHEMBL3234	CHEMBL218088
CHEMBL3234	CHEMBL218859
CHEMBL3234	CHEMBL218932
CHEMBL3234	CHEMBL222419
CHEMBL3234	CHEMBL237347
CHEMBL3234	CHEMBL241517
CHEMBL3234	CHEMBL251549
CHEMBL3234	CHEMBL306865
CHEMBL3234	CHEMBL365297
CHEMBL3234	CHEMBL372474
CHEMBL3234	CHEMBL373751
CHEMBL3234	CHEMBL374060
CHEMBL3234	CHEMBL409892
CHEMBL3234	CHEMBL479079
CHEMBL3234	CHEMBL581096
CHEMBL3234	CHEMBL66004
CHEMBL3234	CHEMBL66292
CHEMBL3268	CHEMBL1789963
CHEMBL3268	CHEMBL1794050
CHEMBL3268	CHEMBL1794052
CHEMBL3268	CHEMBL1794053
CHEMBL3290	CHEMBL188381
CHEMBL3290	CHEMBL189148
CHEMBL3290	CHEMBL189459
CHEMBL3290	CHEMBL1909352
CHEMBL3290	CHEMBL1909364
CHEMBL3290	CHEMBL1909365
CHEMBL3290	CHEMBL1909368
CHEMBL3290	CHEMBL1909369
CHEMBL3290	CHEMBL1909370
CHEMBL3290	CHEMBL1909372
CHEMBL3290	CHEMBL1909374
CHEMBL3290	CHEMBL1909396
CHEMBL3290	CHEMBL218088
CHEMBL3290	CHEMBL218859
CHEMBL3290	CHEMBL218932
CHEMBL3290	CHEMBL220243
CHEMBL3290	CHEMBL230911
CHEMBL3290	CHEMBL237347
CHEMBL3290	CHEMBL241517
CHEMBL3290	CHEMBL243907
CHEMBL3290	CHEMBL247228
CHEMBL3290	CHEMBL251549
CHEMBL3290	CHEMBL273564
CHEMBL3290	CHEMBL365297
CHEMBL3290	CHEMBL374060
CHEMBL3290	CHEMBL396107
CHEMBL3290	CHEMBL434729
CHEMBL3290	CHEMBL468963
CHEMBL3290	CHEMBL479079
CHEMBL3290	CHEMBL520037
CHEMBL3290	CHEMBL581096
CHEMBL3290	CHEMBL588025
CHEMBL331	CHEMBL1794055
CHEMBL331	CHEMBL187081
CHEMBL331	CHEMBL1882194
CHEMBL331	CHEMBL1909343
CHEMBL331	CHEMBL1909347
CHEMBL331	CHEMBL1909383
CHEMBL331	CHEMBL260417
CHEMBL331	CHEMBL261129
CHEMBL331	CHEMBL269883
CHEMBL331	CHEMBL270544
CHEMBL331	CHEMBL271595
CHEMBL331	CHEMBL272026
CHEMBL331	CHEMBL272028
CHEMBL331	CHEMBL272165
CHEMBL331	CHEMBL306865
CHEMBL331	CHEMBL359999
CHEMBL331	CHEMBL361894
CHEMBL331	CHEMBL409892
CHEMBL331	CHEMBL410072
CHEMBL331	CHEMBL468963
CHEMBL331	CHEMBL495696
CHEMBL331	CHEMBL495771
CHEMBL3385	CHEMBL1880739
CHEMBL3476	CHEMBL187081
CHEMBL3476	CHEMBL189148
CHEMBL3476	CHEMBL1909363
CHEMBL3476	CHEMBL1909415
CHEMBL3476	CHEMBL263796
CHEMBL3476	CHEMBL359963
CHEMBL3476	CHEMBL359999
CHEMBL3476	CHEMBL361894
CHEMBL3476	CHEMBL408564
CHEMBL3476	CHEMBL66004
CHEMBL3529	CHEMBL1096290
CHEMBL3529	CHEMBL1789963
CHEMBL3529	CHEMBL1794050
CHEMBL3529	CHEMBL1794052
CHEMBL3529	CHEMBL1794055
CHEMBL3529	CHEMBL1794065
CHEMBL3529	CHEMBL1794066
CHEMBL3529	CHEMBL1909342
CHEMBL3529	CHEMBL1909349
CHEMBL3529	CHEMBL1909361
CHEMBL3529	CHEMBL1909375
CHEMBL3529	CHEMBL1909384
CHEMBL3529	CHEMBL218088
CHEMBL3529	CHEMBL269883
CHEMBL3529	CHEMBL272165
CHEMBL3529	CHEMBL352222
CHEMBL3529	CHEMBL373751
CHEMBL3529	CHEMBL374060
CHEMBL3529	CHEMBL409892
CHEMBL3529	CHEMBL410072
CHEMBL3529	CHEMBL427159
CHEMBL3529	CHEMBL468963
CHEMBL3529	CHEMBL519881
CHEMBL3529	CHEMBL66004
CHEMBL3553	CHEMBL1794052
CHEMBL3553	CHEMBL1794055
CHEMBL3587	CHEMBL1794055
CHEMBL3587	CHEMBL272165
CHEMBL3587	CHEMBL409892
CHEMBL3587	CHEMBL495696
CHEMBL3616	CHEMBL1096290
CHEMBL3616	CHEMBL1096626
CHEMBL3616	CHEMBL1096634
CHEMBL3616	CHEMBL1794064
CHEMBL3616	CHEMBL1794065
CHEMBL3616	CHEMBL1794066
CHEMBL3616	CHEMBL185962
CHEMBL3616	CHEMBL188268
CHEMBL3616	CHEMBL189231
CHEMBL3616	CHEMBL1909349
CHEMBL3616	CHEMBL1909350
CHEMBL3616	CHEMBL1909363
CHEMBL3616	CHEMBL1909375
CHEMBL3616	CHEMBL1909384
CHEMBL3616	CHEMBL220465
CHEMBL3616	CHEMBL365286
CHEMBL3616	CHEMBL468963
CHEMBL3616	CHEMBL506153
CHEMBL3629	CHEMBL1789963
CHEMBL3629	CHEMBL1909383
CHEMBL3629	CHEMBL306865
CHEMBL3629	CHEMBL458865
CHEMBL3629	CHEMBL463931
CHEMBL3629	CHEMBL476259
CHEMBL3629	CHEMBL477069
CHEMBL3629	CHEMBL495696
CHEMBL3629	CHEMBL513897
CHEMBL3650	CHEMBL1909359
CHEMBL3650	CHEMBL1909396
CHEMBL3717	CHEMBL1789961
CHEMBL3717	CHEMBL1794055
CHEMBL3717	CHEMBL188381
CHEMBL3717	CHEMBL189353
CHEMBL3717	CHEMBL1909360
CHEMBL3717	CHEMBL1909383
CHEMBL3717	CHEMBL1909396
CHEMBL3831	CHEMBL1794066
CHEMBL3831	CHEMBL1909349
CHEMBL3831	CHEMBL1909375
CHEMBL3831	CHEMBL269883
CHEMBL3831	CHEMBL373751
CHEMBL3834	CHEMBL189353
CHEMBL3834	CHEMBL1909352
CHEMBL3834	CHEMBL1909360
CHEMBL3834	CHEMBL1909381
CHEMBL3834	CHEMBL1909396
CHEMBL3834	CHEMBL237347
CHEMBL3834	CHEMBL241517
CHEMBL3834	CHEMBL247228
CHEMBL3834	CHEMBL251549
CHEMBL3834	CHEMBL273564
CHEMBL3834	CHEMBL479079
CHEMBL3834	CHEMBL581096
CHEMBL3834	CHEMBL588025
CHEMBL3835	CHEMBL1794068
CHEMBL3835	CHEMBL1794069
CHEMBL3863	CHEMBL1794055
CHEMBL3863	CHEMBL1882194
CHEMBL3863	CHEMBL189459
CHEMBL3863	CHEMBL1909349
CHEMBL3863	CHEMBL205158
CHEMBL3863	CHEMBL208437
CHEMBL3863	CHEMBL269883
CHEMBL3863	CHEMBL271595
CHEMBL3863	CHEMBL409892
CHEMBL3863	CHEMBL458865
CHEMBL3863	CHEMBL463931
CHEMBL3863	CHEMBL468963
CHEMBL3863	CHEMBL476259
CHEMBL3863	CHEMBL477069
CHEMBL3863	CHEMBL513897
CHEMBL3905	CHEMBL1789961
CHEMBL3905	CHEMBL179311
CHEMBL3905	CHEMBL1794073
CHEMBL3905	CHEMBL179465
CHEMBL3905	CHEMBL188257
CHEMBL3905	CHEMBL188381
CHEMBL3905	CHEMBL189353
CHEMBL3905	CHEMBL189459
CHEMBL3905	CHEMBL1909352
CHEMBL3905	CHEMBL1909357
CHEMBL3905	CHEMBL1909358
CHEMBL3905	CHEMBL1909359
CHEMBL3905	CHEMBL1909365
CHEMBL3905	CHEMBL1909368
CHEMBL3905	CHEMBL1909369
CHEMBL3905	CHEMBL1909381
CHEMBL3905	CHEMBL1909383
CHEMBL3905	CHEMBL1909396
CHEMBL3905	CHEMBL206010
CHEMBL3905	CHEMBL218088
CHEMBL3905	CHEMBL218859
CHEMBL3905	CHEMBL218932
CHEMBL3905	CHEMBL237347
CHEMBL3905	CHEMBL241517
CHEMBL3905	CHEMBL247228
CHEMBL3905	CHEMBL251549
CHEMBL3905	CHEMBL273564
CHEMBL3905	CHEMBL306865
CHEMBL3905	CHEMBL365297
CHEMBL3905	CHEMBL372474
CHEMBL3905	CHEMBL373751
CHEMBL3905	CHEMBL374060
CHEMBL3905	CHEMBL434729
CHEMBL3905	CHEMBL479079
CHEMBL3905	CHEMBL581096
CHEMBL3905	CHEMBL588025
CHEMBL3905	CHEMBL63728
CHEMBL3905	CHEMBL66004
CHEMBL3905	CHEMBL66292
CHEMBL3905	CHEMBL67241
CHEMBL3905	CHEMBL69757
CHEMBL3906	CHEMBL103115
CHEMBL3906	CHEMBL1794055
CHEMBL3906	CHEMBL185962
CHEMBL3906	CHEMBL188268
CHEMBL3906	CHEMBL189231
CHEMBL3906	CHEMBL1909349
CHEMBL3906	CHEMBL1909363
CHEMBL3906	CHEMBL1909384
CHEMBL3906	CHEMBL1956068
CHEMBL3906	CHEMBL220465
CHEMBL3906	CHEMBL260417
CHEMBL3906	CHEMBL271595
CHEMBL3906	CHEMBL273564
CHEMBL3906	CHEMBL365286
CHEMBL3906	CHEMBL409892
CHEMBL3906	CHEMBL427058
CHEMBL3906	CHEMBL476259
CHEMBL3906	CHEMBL506153
CHEMBL3906	CHEMBL588025
CHEMBL3920	CHEMBL1096626
CHEMBL3920	CHEMBL1096634
CHEMBL3920	CHEMBL1794065
CHEMBL3920	CHEMBL1794066
CHEMBL3920	CHEMBL188268
CHEMBL3920	CHEMBL189231
CHEMBL3920	CHEMBL1909349
CHEMBL3920	CHEMBL1909350
CHEMBL3920	CHEMBL1909363
CHEMBL3920	CHEMBL1909375
CHEMBL3920	CHEMBL468963
CHEMBL3935	CHEMBL1516890
CHEMBL3935	CHEMBL175321
CHEMBL3935	CHEMBL176857
CHEMBL3935	CHEMBL1789961
CHEMBL3935	CHEMBL1794055
CHEMBL3935	CHEMBL1794057
CHEMBL3935	CHEMBL1794058
CHEMBL3935	CHEMBL1794059
CHEMBL3935	CHEMBL1794060
CHEMBL3935	CHEMBL1794073
CHEMBL3935	CHEMBL187081
CHEMBL3935	CHEMBL1882194
CHEMBL3935	CHEMBL188381
CHEMBL3935	CHEMBL189353
CHEMBL3935	CHEMBL1909359
CHEMBL3935	CHEMBL1909360
CHEMBL3935	CHEMBL1909361
CHEMBL3935	CHEMBL1909362
CHEMBL3935	CHEMBL1909368
CHEMBL3935	CHEMBL1909369
CHEMBL3935	CHEMBL1909381
CHEMBL3935	CHEMBL1909382
CHEMBL3935	CHEMBL1909383
CHEMBL3935	CHEMBL1909396
CHEMBL3935	CHEMBL194062
CHEMBL3935	CHEMBL1956068
CHEMBL3935	CHEMBL206010
CHEMBL3935	CHEMBL218720
CHEMBL3935	CHEMBL222419
CHEMBL3935	CHEMBL247228
CHEMBL3935	CHEMBL251549
CHEMBL3935	CHEMBL269883
CHEMBL3935	CHEMBL270544
CHEMBL3935	CHEMBL271595
CHEMBL3935	CHEMBL273564
CHEMBL3935	CHEMBL306865
CHEMBL3935	CHEMBL359963
CHEMBL3935	CHEMBL359999
CHEMBL3935	CHEMBL361894
CHEMBL3935	CHEMBL365248
CHEMBL3935	CHEMBL373751
CHEMBL3935	CHEMBL396107
CHEMBL3935	CHEMBL405042
CHEMBL3935	CHEMBL409892
CHEMBL3935	CHEMBL443563
CHEMBL3935	CHEMBL468963
CHEMBL3935	CHEMBL473420
CHEMBL3935	CHEMBL479079
CHEMBL3935	CHEMBL495696
CHEMBL3935	CHEMBL495771
CHEMBL3935	CHEMBL581096
CHEMBL3935	CHEMBL588025
CHEMBL3935	CHEMBL66004
CHEMBL3935	CHEMBL67241
CHEMBL3961	CHEMBL13868
CHEMBL3961	CHEMBL14014
CHEMBL3961	CHEMBL188257
CHEMBL3961	CHEMBL1885746
CHEMBL3961	CHEMBL1888586
CHEMBL3961	CHEMBL189148
CHEMBL3961	CHEMBL189459
CHEMBL3961	CHEMBL1909369
CHEMBL3961	CHEMBL1909400
CHEMBL3961	CHEMBL1909403
CHEMBL3961	CHEMBL1909404
CHEMBL3961	CHEMBL1909407
CHEMBL3961	CHEMBL1909412
CHEMBL3961	CHEMBL241517
CHEMBL3961	CHEMBL273611
CHEMBL3961	CHEMBL275200
CHEMBL3961	CHEMBL275798
CHEMBL3961	CHEMBL318892
CHEMBL3961	CHEMBL330422
CHEMBL3961	CHEMBL362155
CHEMBL3961	CHEMBL365297
CHEMBL3961	CHEMBL417804
CHEMBL3961	CHEMBL427159
CHEMBL3961	CHEMBL428877
CHEMBL3961	CHEMBL476351
CHEMBL3961	CHEMBL477182
CHEMBL3961	CHEMBL477583
CHEMBL3961	CHEMBL516908
CHEMBL3961	CHEMBL95502
CHEMBL3981	CHEMBL156263
CHEMBL3981	CHEMBL1794067
CHEMBL3981	CHEMBL1794068
CHEMBL3981	CHEMBL1794069
CHEMBL3981	CHEMBL1794070
CHEMBL3981	CHEMBL1794071
CHEMBL3981	CHEMBL1794072
CHEMBL3981	CHEMBL1794073
CHEMBL3981	CHEMBL188257
CHEMBL3981	CHEMBL188381
CHEMBL3981	CHEMBL189353
CHEMBL3981	CHEMBL1909357
CHEMBL3981	CHEMBL1909358
CHEMBL3981	CHEMBL1909359
CHEMBL3981	CHEMBL1909360
CHEMBL3981	CHEMBL1909365
CHEMBL3981	CHEMBL1909368
CHEMBL3981	CHEMBL1909369
CHEMBL3981	CHEMBL1909372
CHEMBL3981	CHEMBL1909374
CHEMBL3981	CHEMBL1909383
CHEMBL3981	CHEMBL1909396
CHEMBL3981	CHEMBL1909414
CHEMBL3981	CHEMBL222419
CHEMBL3981	CHEMBL237570
CHEMBL3981	CHEMBL237571
CHEMBL3981	CHEMBL243907
CHEMBL3981	CHEMBL247228
CHEMBL3981	CHEMBL260417
CHEMBL3981	CHEMBL273564
CHEMBL3981	CHEMBL373751
CHEMBL3981	CHEMBL399410
CHEMBL3981	CHEMBL473629
CHEMBL3981	CHEMBL475761
CHEMBL3981	CHEMBL479079
CHEMBL3981	CHEMBL480382
CHEMBL3981	CHEMBL482326
CHEMBL3981	CHEMBL493326
CHEMBL3981	CHEMBL514162
CHEMBL3981	CHEMBL514499
CHEMBL3981	CHEMBL517907
CHEMBL3981	CHEMBL518953
CHEMBL3981	CHEMBL521806
CHEMBL3981	CHEMBL522709
CHEMBL3981	CHEMBL588025
CHEMBL3982	CHEMBL188381
CHEMBL3982	CHEMBL189353
CHEMBL3982	CHEMBL1895450
CHEMBL3982	CHEMBL1909359
CHEMBL3982	CHEMBL1909360
CHEMBL3982	CHEMBL1909396
CHEMBL3982	CHEMBL1956068
CHEMBL3982	CHEMBL359999
CHEMBL3982	CHEMBL450071
CHEMBL3982	CHEMBL456252
CHEMBL3982	CHEMBL458415
CHEMBL3982	CHEMBL458865
CHEMBL3982	CHEMBL463931
CHEMBL3982	CHEMBL476259
CHEMBL3982	CHEMBL477069
CHEMBL3982	CHEMBL505915
CHEMBL3982	CHEMBL511765
CHEMBL3982	CHEMBL513897
CHEMBL3982	CHEMBL514261
CHEMBL3983	CHEMBL1794055
CHEMBL3983	CHEMBL269827
CHEMBL3983	CHEMBL269883
CHEMBL3983	CHEMBL270544
CHEMBL3983	CHEMBL271595
CHEMBL3983	CHEMBL272026
CHEMBL3983	CHEMBL272028
CHEMBL3983	CHEMBL272165
CHEMBL3983	CHEMBL409892
CHEMBL3983	CHEMBL410072
CHEMBL3983	CHEMBL450071
CHEMBL3983	CHEMBL458438
CHEMBL3983	CHEMBL458865
CHEMBL3983	CHEMBL476259
CHEMBL3983	CHEMBL477069
CHEMBL3983	CHEMBL495771
CHEMBL3983	CHEMBL511765
CHEMBL3983	CHEMBL513897
CHEMBL3983	CHEMBL514261
CHEMBL3988	CHEMBL188381
CHEMBL3988	CHEMBL189459
CHEMBL3988	CHEMBL1909352
CHEMBL3988	CHEMBL1909364
CHEMBL3988	CHEMBL1909365
CHEMBL3988	CHEMBL1909368
CHEMBL3988	CHEMBL1909369
CHEMBL3988	CHEMBL1909370
CHEMBL3988	CHEMBL1909374
CHEMBL3988	CHEMBL1909381
CHEMBL3988	CHEMBL1909396
CHEMBL3988	CHEMBL218088
CHEMBL3988	CHEMBL218859
CHEMBL3988	CHEMBL218932
CHEMBL3988	CHEMBL220243
CHEMBL3988	CHEMBL230911
CHEMBL3988	CHEMBL237347
CHEMBL3988	CHEMBL241517
CHEMBL3988	CHEMBL243907
CHEMBL3988	CHEMBL247228
CHEMBL3988	CHEMBL251549
CHEMBL3988	CHEMBL273564
CHEMBL3988	CHEMBL365297
CHEMBL3988	CHEMBL373751
CHEMBL3988	CHEMBL374060
CHEMBL3988	CHEMBL479079
CHEMBL3988	CHEMBL520037
CHEMBL3988	CHEMBL581096
CHEMBL3988	CHEMBL588025
CHEMBL3988	CHEMBL66004
CHEMBL4004	CHEMBL1794055
CHEMBL4004	CHEMBL1956068
CHEMBL4004	CHEMBL269883
CHEMBL4004	CHEMBL272028
CHEMBL4004	CHEMBL373751
CHEMBL4004	CHEMBL450071
CHEMBL4004	CHEMBL458865
CHEMBL4004	CHEMBL463931
CHEMBL4004	CHEMBL468963
CHEMBL4004	CHEMBL476259
CHEMBL4004	CHEMBL477069
CHEMBL4004	CHEMBL495696
CHEMBL4005	CHEMBL1789963
CHEMBL4005	CHEMBL1794050
CHEMBL4005	CHEMBL1794052
CHEMBL4005	CHEMBL63728
CHEMBL4014	CHEMBL1789961
CHEMBL4014	CHEMBL179311
CHEMBL4014	CHEMBL1794060
CHEMBL4014	CHEMBL1794073
CHEMBL4014	CHEMBL179465
CHEMBL4014	CHEMBL188381
CHEMBL4014	CHEMBL189353
CHEMBL4014	CHEMBL1909352
CHEMBL4014	CHEMBL1909357
CHEMBL4014	CHEMBL1909358
CHEMBL4014	CHEMBL1909359
CHEMBL4014	CHEMBL1909360
CHEMBL4014	CHEMBL1909365
CHEMBL4014	CHEMBL1909368
CHEMBL4014	CHEMBL1909369
CHEMBL4014	CHEMBL1909374
CHEMBL4014	CHEMBL1909381
CHEMBL4014	CHEMBL1909382
CHEMBL4014	CHEMBL1909383
CHEMBL4014	CHEMBL1909396
CHEMBL4014	CHEMBL1909412
CHEMBL4014	CHEMBL1909413
CHEMBL4014	CHEMBL191705
CHEMBL4014	CHEMBL204934
CHEMBL4014	CHEMBL206010
CHEMBL4014	CHEMBL208437
CHEMBL4014	CHEMBL218088
CHEMBL4014	CHEMBL218859
CHEMBL4014	CHEMBL218932
CHEMBL4014	CHEMBL220243
CHEMBL4014	CHEMBL230911
CHEMBL4014	CHEMBL241517
CHEMBL4014	CHEMBL247228
CHEMBL4014	CHEMBL251549
CHEMBL4014	CHEMBL273564
CHEMBL4014	CHEMBL306865
CHEMBL4014	CHEMBL359999
CHEMBL4014	CHEMBL365297
CHEMBL4014	CHEMBL372474
CHEMBL4014	CHEMBL443563
CHEMBL4014	CHEMBL468963
CHEMBL4014	CHEMBL479079
CHEMBL4014	CHEMBL581096
CHEMBL4014	CHEMBL588025
CHEMBL4014	CHEMBL63728
CHEMBL4014	CHEMBL65884
CHEMBL4014	CHEMBL66004
CHEMBL4014	CHEMBL66292
CHEMBL4014	CHEMBL67241
CHEMBL4014	CHEMBL69757
CHEMBL4036	CHEMBL103115
CHEMBL4036	CHEMBL1794055
CHEMBL4036	CHEMBL187081
CHEMBL4036	CHEMBL1882194
CHEMBL4036	CHEMBL1909343
CHEMBL4036	CHEMBL1909383
CHEMBL4036	CHEMBL194062
CHEMBL4036	CHEMBL206010
CHEMBL4036	CHEMBL260417
CHEMBL4036	CHEMBL269827
CHEMBL4036	CHEMBL269883
CHEMBL4036	CHEMBL270054
CHEMBL4036	CHEMBL270544
CHEMBL4036	CHEMBL271595
CHEMBL4036	CHEMBL272026
CHEMBL4036	CHEMBL272028
CHEMBL4036	CHEMBL272165
CHEMBL4036	CHEMBL272414
CHEMBL4036	CHEMBL306865
CHEMBL4036	CHEMBL359963
CHEMBL4036	CHEMBL359999
CHEMBL4036	CHEMBL361894
CHEMBL4036	CHEMBL409892
CHEMBL4036	CHEMBL410072
CHEMBL4036	CHEMBL468963
CHEMBL4036	CHEMBL495696
CHEMBL4036	CHEMBL66292
CHEMBL4040	CHEMBL272165
CHEMBL4040	CHEMBL409892
CHEMBL4040	CHEMBL495696
CHEMBL4045	CHEMBL1096626
CHEMBL4045	CHEMBL1096634
CHEMBL4045	CHEMBL1794055
CHEMBL4045	CHEMBL1794065
CHEMBL4045	CHEMBL1794066
CHEMBL4045	CHEMBL1909349
CHEMBL4045	CHEMBL1956068
CHEMBL4045	CHEMBL269883
CHEMBL4045	CHEMBL270544
CHEMBL4045	CHEMBL271595
CHEMBL4045	CHEMBL272026
CHEMBL4045	CHEMBL272028
CHEMBL4045	CHEMBL272165
CHEMBL4045	CHEMBL373751
CHEMBL4045	CHEMBL409892
CHEMBL4045	CHEMBL410072
CHEMBL4045	CHEMBL427058
CHEMBL4101	CHEMBL1096626
CHEMBL4101	CHEMBL1096634
CHEMBL4101	CHEMBL1794066
CHEMBL4101	CHEMBL188268
CHEMBL4101	CHEMBL1909349
CHEMBL4101	CHEMBL1909363
CHEMBL4101	CHEMBL1909375
CHEMBL4101	CHEMBL1909384
CHEMBL4101	CHEMBL220465
CHEMBL4101	CHEMBL427058
CHEMBL4101	CHEMBL428877
CHEMBL4101	CHEMBL506153
CHEMBL4128	CHEMBL1789961
CHEMBL4128	CHEMBL1794073
CHEMBL4128	CHEMBL188381
CHEMBL4128	CHEMBL189353
CHEMBL4128	CHEMBL1909359
CHEMBL4128	CHEMBL1909360
CHEMBL4128	CHEMBL1909365
CHEMBL4128	CHEMBL1909368
CHEMBL4128	CHEMBL1909369
CHEMBL4128	CHEMBL1909370
CHEMBL4128	CHEMBL1909372
CHEMBL4128	CHEMBL1909374
CHEMBL4128	CHEMBL1909396
CHEMBL4128	CHEMBL237347
CHEMBL4128	CHEMBL237570
CHEMBL4128	CHEMBL237571
CHEMBL4128	CHEMBL243907
CHEMBL4128	CHEMBL247228
CHEMBL4128	CHEMBL273564
CHEMBL4128	CHEMBL396107
CHEMBL4128	CHEMBL399410
CHEMBL4128	CHEMBL588025
CHEMBL4142	CHEMBL179311
CHEMBL4142	CHEMBL1794055
CHEMBL4142	CHEMBL179465
CHEMBL4142	CHEMBL188381
CHEMBL4142	CHEMBL1909358
CHEMBL4142	CHEMBL1909359
CHEMBL4142	CHEMBL1909396
CHEMBL4142	CHEMBL191705
CHEMBL4142	CHEMBL271595
CHEMBL4142	CHEMBL273564
CHEMBL4142	CHEMBL275473
CHEMBL4142	CHEMBL372474
CHEMBL4142	CHEMBL396107
CHEMBL4142	CHEMBL409892
CHEMBL4142	CHEMBL588025
CHEMBL4147	CHEMBL458865
CHEMBL4179	CHEMBL188257
CHEMBL4179	CHEMBL1885746
CHEMBL4179	CHEMBL1888586
CHEMBL4179	CHEMBL189148
CHEMBL4179	CHEMBL189459
CHEMBL4179	CHEMBL1909403
CHEMBL4179	CHEMBL1909404
CHEMBL4179	CHEMBL318892
CHEMBL4179	CHEMBL361894
CHEMBL4179	CHEMBL365297
CHEMBL4179	CHEMBL434729
CHEMBL4179	CHEMBL450071
CHEMBL4179	CHEMBL458865
CHEMBL4179	CHEMBL476259
CHEMBL4179	CHEMBL477069
CHEMBL4179	CHEMBL513897
CHEMBL4179	CHEMBL514261
CHEMBL4204	CHEMBL1789961
CHEMBL4204	CHEMBL188381
CHEMBL4204	CHEMBL1909352
CHEMBL4204	CHEMBL1909355
CHEMBL4204	CHEMBL1909383
CHEMBL4204	CHEMBL1909396
CHEMBL4204	CHEMBL206010
CHEMBL4204	CHEMBL273564
CHEMBL4204	CHEMBL306865
CHEMBL4204	CHEMBL373751
CHEMBL4204	CHEMBL384073
CHEMBL4204	CHEMBL67241
CHEMBL4223	CHEMBL1909358
CHEMBL4223	CHEMBL1909381
CHEMBL4223	CHEMBL1909396
CHEMBL4223	CHEMBL237347
CHEMBL4223	CHEMBL251549
CHEMBL4223	CHEMBL581096
CHEMBL4225	CHEMBL1789963
CHEMBL4225	CHEMBL179311
CHEMBL4225	CHEMBL1794050
CHEMBL4225	CHEMBL1794052
CHEMBL4225	CHEMBL1794055
CHEMBL4225	CHEMBL179465
CHEMBL4225	CHEMBL183993
CHEMBL4225	CHEMBL187081
CHEMBL4225	CHEMBL1882194
CHEMBL4225	CHEMBL188426
CHEMBL4225	CHEMBL189415
CHEMBL4225	CHEMBL1895450
CHEMBL4225	CHEMBL1909349
CHEMBL4225	CHEMBL1909383
CHEMBL4225	CHEMBL191705
CHEMBL4225	CHEMBL269883
CHEMBL4225	CHEMBL271595
CHEMBL4225	CHEMBL272026
CHEMBL4225	CHEMBL272028
CHEMBL4225	CHEMBL359963
CHEMBL4225	CHEMBL359999
CHEMBL4225	CHEMBL361894
CHEMBL4225	CHEMBL365248
CHEMBL4225	CHEMBL409892
CHEMBL4225	CHEMBL410072
CHEMBL4225	CHEMBL446024
CHEMBL4225	CHEMBL450071
CHEMBL4225	CHEMBL456252
CHEMBL4225	CHEMBL458865
CHEMBL4225	CHEMBL463931
CHEMBL4225	CHEMBL468963
CHEMBL4225	CHEMBL476259
CHEMBL4225	CHEMBL477069
CHEMBL4225	CHEMBL495696
CHEMBL4225	CHEMBL495771
CHEMBL4225	CHEMBL511765
CHEMBL4225	CHEMBL513897
CHEMBL4226	CHEMBL1789963
CHEMBL4226	CHEMBL187081
CHEMBL4226	CHEMBL359999
CHEMBL4226	CHEMBL361894
CHEMBL4226	CHEMBL365248
CHEMBL4226	CHEMBL495696
CHEMBL4237	CHEMBL1794064
CHEMBL4237	CHEMBL185962
CHEMBL4237	CHEMBL188048
CHEMBL4237	CHEMBL188268
CHEMBL4237	CHEMBL189231
CHEMBL4237	CHEMBL1909349
CHEMBL4237	CHEMBL1909363
CHEMBL4237	CHEMBL1909384
CHEMBL4237	CHEMBL220465
CHEMBL4237	CHEMBL365286
CHEMBL4237	CHEMBL427058
CHEMBL4237	CHEMBL506153
CHEMBL4246	CHEMBL1794073
CHEMBL4246	CHEMBL1909352
CHEMBL4246	CHEMBL1909359
CHEMBL4246	CHEMBL1909381
CHEMBL4246	CHEMBL230911
CHEMBL4246	CHEMBL237347
CHEMBL4246	CHEMBL241517
CHEMBL4246	CHEMBL251549
CHEMBL4246	CHEMBL479079
CHEMBL4246	CHEMBL581096
CHEMBL4247	CHEMBL1895450
CHEMBL4247	CHEMBL1956068
CHEMBL4247	CHEMBL260417
CHEMBL4247	CHEMBL450071
CHEMBL4247	CHEMBL456252
CHEMBL4247	CHEMBL458415
CHEMBL4247	CHEMBL458438
CHEMBL4247	CHEMBL458865
CHEMBL4247	CHEMBL463931
CHEMBL4247	CHEMBL467581
CHEMBL4247	CHEMBL468963
CHEMBL4247	CHEMBL476259
CHEMBL4247	CHEMBL477069
CHEMBL4247	CHEMBL505915
CHEMBL4247	CHEMBL511765
CHEMBL4247	CHEMBL513897
CHEMBL4247	CHEMBL514261
CHEMBL4247	CHEMBL517171
CHEMBL4273	CHEMBL1096626
CHEMBL4273	CHEMBL1096634
CHEMBL4273	CHEMBL1794066
CHEMBL4273	CHEMBL185962
CHEMBL4273	CHEMBL189231
CHEMBL4273	CHEMBL1909349
CHEMBL4273	CHEMBL1909363
CHEMBL4273	CHEMBL1909375
CHEMBL4273	CHEMBL1909384
CHEMBL4273	CHEMBL220465
CHEMBL4273	CHEMBL272028
CHEMBL4273	CHEMBL359999
CHEMBL4273	CHEMBL427058
CHEMBL4273	CHEMBL441702
CHEMBL4273	CHEMBL458865
CHEMBL4273	CHEMBL495696
CHEMBL4273	CHEMBL506153
CHEMBL4282	CHEMBL1096290
CHEMBL4282	CHEMBL1096626
CHEMBL4282	CHEMBL1096634
CHEMBL4282	CHEMBL1794065
CHEMBL4282	CHEMBL1794066
CHEMBL4282	CHEMBL1909349
CHEMBL4282	CHEMBL1909350
CHEMBL4282	CHEMBL1909375
CHEMBL4311	CHEMBL1096626
CHEMBL4311	CHEMBL1096634
CHEMBL4311	CHEMBL1794065
CHEMBL4311	CHEMBL1794066
CHEMBL4311	CHEMBL1909349
CHEMBL4311	CHEMBL1909375
CHEMBL4367	CHEMBL179311
CHEMBL4367	CHEMBL1794073
CHEMBL4367	CHEMBL179465
CHEMBL4367	CHEMBL1909359
CHEMBL4367	CHEMBL1909360
CHEMBL4367	CHEMBL1909361
CHEMBL4367	CHEMBL1909412
CHEMBL4367	CHEMBL191705
CHEMBL4367	CHEMBL230911
CHEMBL4367	CHEMBL237347
CHEMBL4367	CHEMBL241517
CHEMBL4367	CHEMBL251549
CHEMBL4367	CHEMBL479079
CHEMBL4367	CHEMBL581096
CHEMBL4376	CHEMBL1909343
CHEMBL4376	CHEMBL1909383
CHEMBL4376	CHEMBL1909384
CHEMBL4376	CHEMBL206010
CHEMBL4376	CHEMBL260417
CHEMBL4376	CHEMBL269827
CHEMBL4376	CHEMBL306865
CHEMBL4376	CHEMBL361894
CHEMBL4376	CHEMBL477069
CHEMBL4376	CHEMBL495696
CHEMBL4454	CHEMBL1789962
CHEMBL4454	CHEMBL179311
CHEMBL4454	CHEMBL179465
CHEMBL4454	CHEMBL185939
CHEMBL4454	CHEMBL188257
CHEMBL4454	CHEMBL188381
CHEMBL4454	CHEMBL189148
CHEMBL4454	CHEMBL189353
CHEMBL4454	CHEMBL189459
CHEMBL4454	CHEMBL1909352
CHEMBL4454	CHEMBL1909358
CHEMBL4454	CHEMBL1909359
CHEMBL4454	CHEMBL1909381
CHEMBL4454	CHEMBL1909383
CHEMBL4454	CHEMBL1909396
CHEMBL4454	CHEMBL206010
CHEMBL4454	CHEMBL237347
CHEMBL4454	CHEMBL251549
CHEMBL4454	CHEMBL306865
CHEMBL4454	CHEMBL362155
CHEMBL4454	CHEMBL365297
CHEMBL4454	CHEMBL372474
CHEMBL4454	CHEMBL373751
CHEMBL4454	CHEMBL427159
CHEMBL4454	CHEMBL434729
CHEMBL4454	CHEMBL479079
CHEMBL4454	CHEMBL581096
CHEMBL4454	CHEMBL66004
CHEMBL4454	CHEMBL66292
CHEMBL4454	CHEMBL67241
CHEMBL4501	CHEMBL185962
CHEMBL4501	CHEMBL188048
CHEMBL4501	CHEMBL188240
CHEMBL4501	CHEMBL188268
CHEMBL4501	CHEMBL189231
CHEMBL4501	CHEMBL1909349
CHEMBL4501	CHEMBL1909363
CHEMBL4501	CHEMBL1909368
CHEMBL4501	CHEMBL1909384
CHEMBL4501	CHEMBL1909396
CHEMBL4501	CHEMBL1956068
CHEMBL4501	CHEMBL220465
CHEMBL4501	CHEMBL247228
CHEMBL4501	CHEMBL273564
CHEMBL4501	CHEMBL365286
CHEMBL4501	CHEMBL396107
CHEMBL4501	CHEMBL506153
CHEMBL4501	CHEMBL588025
CHEMBL4516	CHEMBL188268
CHEMBL4516	CHEMBL189231
CHEMBL4516	CHEMBL1909349
CHEMBL4516	CHEMBL1909384
CHEMBL4516	CHEMBL220465
CHEMBL4516	CHEMBL427058
CHEMBL4516	CHEMBL506153
CHEMBL4523	CHEMBL1794052
CHEMBL4523	CHEMBL1794053
CHEMBL4523	CHEMBL1956068
CHEMBL4523	CHEMBL260417
CHEMBL4523	CHEMBL468963
CHEMBL4524	CHEMBL1096626
CHEMBL4524	CHEMBL1096634
CHEMBL4524	CHEMBL1794065
CHEMBL4524	CHEMBL1794066
CHEMBL4524	CHEMBL1909349
CHEMBL4574	CHEMBL1794055
CHEMBL4574	CHEMBL1794067
CHEMBL4574	CHEMBL1794068
CHEMBL4574	CHEMBL1794069
CHEMBL4574	CHEMBL1794070
CHEMBL4574	CHEMBL1909349
CHEMBL4574	CHEMBL1909383
CHEMBL4574	CHEMBL1956068
CHEMBL4574	CHEMBL222419
CHEMBL4574	CHEMBL260417
CHEMBL4574	CHEMBL269883
CHEMBL4574	CHEMBL270544
CHEMBL4574	CHEMBL271595
CHEMBL4574	CHEMBL272028
CHEMBL4574	CHEMBL272165
CHEMBL4574	CHEMBL272414
CHEMBL4574	CHEMBL306865
CHEMBL4574	CHEMBL373751
CHEMBL4574	CHEMBL407113
CHEMBL4574	CHEMBL409892
CHEMBL4574	CHEMBL410072
CHEMBL4574	CHEMBL473629
CHEMBL4574	CHEMBL480382
CHEMBL4574	CHEMBL514499
CHEMBL4574	CHEMBL521806
CHEMBL4574	CHEMBL66292
CHEMBL4578	CHEMBL1096634
CHEMBL4578	CHEMBL175321
CHEMBL4578	CHEMBL1794055
CHEMBL4578	CHEMBL1794066
CHEMBL4578	CHEMBL185962
CHEMBL4578	CHEMBL187081
CHEMBL4578	CHEMBL1882194
CHEMBL4578	CHEMBL188268
CHEMBL4578	CHEMBL189231
CHEMBL4578	CHEMBL1909349
CHEMBL4578	CHEMBL1909350
CHEMBL4578	CHEMBL1909363
CHEMBL4578	CHEMBL1909384
CHEMBL4578	CHEMBL1956068
CHEMBL4578	CHEMBL269883
CHEMBL4578	CHEMBL271595
CHEMBL4578	CHEMBL272028
CHEMBL4578	CHEMBL272165
CHEMBL4578	CHEMBL361894
CHEMBL4578	CHEMBL409892
CHEMBL4578	CHEMBL410072
CHEMBL4578	CHEMBL458865
CHEMBL4578	CHEMBL468963
CHEMBL4578	CHEMBL476259
CHEMBL4578	CHEMBL477069
CHEMBL4578	CHEMBL495696
CHEMBL4578	CHEMBL506153
CHEMBL4578	CHEMBL520037
CHEMBL4578	CHEMBL63728
CHEMBL4578	CHEMBL66004
CHEMBL4598	CHEMBL160333
CHEMBL4598	CHEMBL175321
CHEMBL4598	CHEMBL1789963
CHEMBL4598	CHEMBL1794055
CHEMBL4598	CHEMBL1794056
CHEMBL4598	CHEMBL1794057
CHEMBL4598	CHEMBL1794058
CHEMBL4598	CHEMBL1794068
CHEMBL4598	CHEMBL1794069
CHEMBL4598	CHEMBL1909360
CHEMBL4598	CHEMBL222419
CHEMBL4598	CHEMBL269827
CHEMBL4598	CHEMBL269883
CHEMBL4598	CHEMBL270054
CHEMBL4598	CHEMBL270544
CHEMBL4598	CHEMBL271595
CHEMBL4598	CHEMBL271843
CHEMBL4598	CHEMBL272026
CHEMBL4598	CHEMBL272028
CHEMBL4598	CHEMBL272165
CHEMBL4598	CHEMBL272414
CHEMBL4598	CHEMBL352222
CHEMBL4598	CHEMBL373751
CHEMBL4598	CHEMBL405042
CHEMBL4598	CHEMBL409892
CHEMBL4598	CHEMBL410072
CHEMBL4598	CHEMBL480382
CHEMBL4598	CHEMBL514499
CHEMBL4599	CHEMBL1909360
CHEMBL4599	CHEMBL237347
CHEMBL4599	CHEMBL458865
CHEMBL4599	CHEMBL479079
CHEMBL4601	CHEMBL1794073
CHEMBL4601	CHEMBL188257
CHEMBL4601	CHEMBL188381
CHEMBL4601	CHEMBL189459
CHEMBL4601	CHEMBL1909352
CHEMBL4601	CHEMBL1909354
CHEMBL4601	CHEMBL1909357
CHEMBL4601	CHEMBL1909358
CHEMBL4601	CHEMBL1909359
CHEMBL4601	CHEMBL1909380
CHEMBL4601	CHEMBL1909381
CHEMBL4601	CHEMBL1909383
CHEMBL4601	CHEMBL1909412
CHEMBL4601	CHEMBL1909413
CHEMBL4601	CHEMBL218088
CHEMBL4601	CHEMBL218859
CHEMBL4601	CHEMBL218932
CHEMBL4601	CHEMBL220243
CHEMBL4601	CHEMBL237347
CHEMBL4601	CHEMBL237570
CHEMBL4601	CHEMBL237571
CHEMBL4601	CHEMBL251549
CHEMBL4601	CHEMBL263796
CHEMBL4601	CHEMBL365297
CHEMBL4601	CHEMBL374060
CHEMBL4601	CHEMBL434729
CHEMBL4601	CHEMBL476259
CHEMBL4601	CHEMBL477069
CHEMBL4601	CHEMBL479079
CHEMBL4601	CHEMBL581096
CHEMBL4601	CHEMBL67241
CHEMBL4630	CHEMBL1794060
CHEMBL4630	CHEMBL1794073
CHEMBL4630	CHEMBL1956068
CHEMBL4630	CHEMBL66004
CHEMBL4674	CHEMBL588025
CHEMBL4708	CHEMBL160333
CHEMBL4708	CHEMBL175321
CHEMBL4708	CHEMBL1789963
CHEMBL4708	CHEMBL1794055
CHEMBL4708	CHEMBL1794057
CHEMBL4708	CHEMBL1794068
CHEMBL4708	CHEMBL222419
CHEMBL4708	CHEMBL269827
CHEMBL4708	CHEMBL269883
CHEMBL4708	CHEMBL270054
CHEMBL4708	CHEMBL270544
CHEMBL4708	CHEMBL271595
CHEMBL4708	CHEMBL271843
CHEMBL4708	CHEMBL272026
CHEMBL4708	CHEMBL272028
CHEMBL4708	CHEMBL272165
CHEMBL4708	CHEMBL272414
CHEMBL4708	CHEMBL352222
CHEMBL4708	CHEMBL373751
CHEMBL4708	CHEMBL409892
CHEMBL4708	CHEMBL410072
CHEMBL4708	CHEMBL480382
CHEMBL4708	CHEMBL514499
CHEMBL4718	CHEMBL188381
CHEMBL4718	CHEMBL1909347
CHEMBL4718	CHEMBL1909352
CHEMBL4718	CHEMBL1909355
CHEMBL4718	CHEMBL1909383
CHEMBL4718	CHEMBL206010
CHEMBL4718	CHEMBL2062290
CHEMBL4718	CHEMBL260417
CHEMBL4718	CHEMBL261129
CHEMBL4718	CHEMBL306865
CHEMBL4718	CHEMBL67241
CHEMBL4722	CHEMBL1516890
CHEMBL4722	CHEMBL175321
CHEMBL4722	CHEMBL176857
CHEMBL4722	CHEMBL1789961
CHEMBL4722	CHEMBL1789963
CHEMBL4722	CHEMBL1794050
CHEMBL4722	CHEMBL1794052
CHEMBL4722	CHEMBL1794055
CHEMBL4722	CHEMBL1794057
CHEMBL4722	CHEMBL1794060
CHEMBL4722	CHEMBL1794073
CHEMBL4722	CHEMBL187081
CHEMBL4722	CHEMBL188257
CHEMBL4722	CHEMBL188381
CHEMBL4722	CHEMBL189353
CHEMBL4722	CHEMBL1909359
CHEMBL4722	CHEMBL1909360
CHEMBL4722	CHEMBL1909361
CHEMBL4722	CHEMBL1909362
CHEMBL4722	CHEMBL1909381
CHEMBL4722	CHEMBL1909382
CHEMBL4722	CHEMBL1909383
CHEMBL4722	CHEMBL194062
CHEMBL4722	CHEMBL1956068
CHEMBL4722	CHEMBL218720
CHEMBL4722	CHEMBL220465
CHEMBL4722	CHEMBL251549
CHEMBL4722	CHEMBL269883
CHEMBL4722	CHEMBL270544
CHEMBL4722	CHEMBL271595
CHEMBL4722	CHEMBL272165
CHEMBL4722	CHEMBL272414
CHEMBL4722	CHEMBL273564
CHEMBL4722	CHEMBL306865
CHEMBL4722	CHEMBL359963
CHEMBL4722	CHEMBL359999
CHEMBL4722	CHEMBL361894
CHEMBL4722	CHEMBL373751
CHEMBL4722	CHEMBL374453
CHEMBL4722	CHEMBL384073
CHEMBL4722	CHEMBL409892
CHEMBL4722	CHEMBL410072
CHEMBL4722	CHEMBL441702
CHEMBL4722	CHEMBL443563
CHEMBL4722	CHEMBL468963
CHEMBL4722	CHEMBL479079
CHEMBL4722	CHEMBL485598
CHEMBL4722	CHEMBL495696
CHEMBL4722	CHEMBL588025
CHEMBL4722	CHEMBL66004
CHEMBL4722	CHEMBL67241
CHEMBL4766	CHEMBL175321
CHEMBL4766	CHEMBL1794055
CHEMBL4766	CHEMBL1956068
CHEMBL4766	CHEMBL269883
CHEMBL4766	CHEMBL270544
CHEMBL4766	CHEMBL271595
CHEMBL4766	CHEMBL272028
CHEMBL4766	CHEMBL272165
CHEMBL4766	CHEMBL409892
CHEMBL4766	CHEMBL410072
CHEMBL4816	CHEMBL1096290
CHEMBL4816	CHEMBL1096626
CHEMBL4816	CHEMBL1096634
CHEMBL4816	CHEMBL1794065
CHEMBL4816	CHEMBL1794066
CHEMBL4816	CHEMBL1909349
CHEMBL4816	CHEMBL1909350
CHEMBL4816	CHEMBL1909375
CHEMBL4816	CHEMBL514938
CHEMBL4895	CHEMBL1895450
CHEMBL4895	CHEMBL1909368
CHEMBL4895	CHEMBL1909396
CHEMBL4895	CHEMBL456252
CHEMBL4895	CHEMBL463931
CHEMBL4895	CHEMBL468963
CHEMBL4895	CHEMBL476259
CHEMBL4895	CHEMBL477069
CHEMBL4895	CHEMBL511765
CHEMBL4895	CHEMBL513897
CHEMBL4898	CHEMBL1516890
CHEMBL4898	CHEMBL175321
CHEMBL4898	CHEMBL176857
CHEMBL4898	CHEMBL1794055
CHEMBL4898	CHEMBL1794056
CHEMBL4898	CHEMBL1794057
CHEMBL4898	CHEMBL1794058
CHEMBL4898	CHEMBL188381
CHEMBL4898	CHEMBL189353
CHEMBL4898	CHEMBL1909365
CHEMBL4898	CHEMBL1909368
CHEMBL4898	CHEMBL1909369
CHEMBL4898	CHEMBL1909396
CHEMBL4898	CHEMBL247228
CHEMBL4898	CHEMBL261849
CHEMBL4898	CHEMBL270544
CHEMBL4898	CHEMBL271595
CHEMBL4898	CHEMBL272165
CHEMBL4898	CHEMBL272414
CHEMBL4898	CHEMBL273564
CHEMBL4898	CHEMBL373751
CHEMBL4898	CHEMBL396107
CHEMBL4898	CHEMBL405042
CHEMBL4898	CHEMBL409892
CHEMBL4898	CHEMBL495696
CHEMBL4898	CHEMBL588025
CHEMBL4900	CHEMBL1794055
CHEMBL4900	CHEMBL1882194
CHEMBL4900	CHEMBL189459
CHEMBL4900	CHEMBL1909349
CHEMBL4900	CHEMBL205158
CHEMBL4900	CHEMBL208437
CHEMBL4900	CHEMBL269883
CHEMBL4900	CHEMBL271595
CHEMBL4900	CHEMBL361237
CHEMBL4900	CHEMBL365297
CHEMBL4900	CHEMBL409892
CHEMBL4900	CHEMBL434729
CHEMBL4900	CHEMBL458865
CHEMBL4900	CHEMBL463931
CHEMBL4900	CHEMBL468963
CHEMBL4900	CHEMBL476259
CHEMBL4900	CHEMBL477069
CHEMBL4900	CHEMBL495771
CHEMBL4900	CHEMBL513897
CHEMBL4901	CHEMBL1909396
CHEMBL4901	CHEMBL237347
CHEMBL4901	CHEMBL247228
CHEMBL4901	CHEMBL273564
CHEMBL4901	CHEMBL581096
CHEMBL4901	CHEMBL588025
CHEMBL4924	CHEMBL103115
CHEMBL4924	CHEMBL1794055
CHEMBL4924	CHEMBL1794068
CHEMBL4924	CHEMBL1956068
CHEMBL4924	CHEMBL260417
CHEMBL4924	CHEMBL271595
CHEMBL4924	CHEMBL409892
CHEMBL4924	CHEMBL458865
CHEMBL4924	CHEMBL476259
CHEMBL4924	CHEMBL477069
CHEMBL4954	CHEMBL1909369
CHEMBL4954	CHEMBL1909396
CHEMBL4954	CHEMBL237347
CHEMBL4954	CHEMBL241517
CHEMBL4954	CHEMBL251549
CHEMBL4954	CHEMBL273564
CHEMBL4954	CHEMBL581096
CHEMBL5052	CHEMBL188268
CHEMBL5052	CHEMBL189231
CHEMBL5052	CHEMBL1909349
CHEMBL5052	CHEMBL1909363
CHEMBL5052	CHEMBL1909384
CHEMBL5052	CHEMBL220465
CHEMBL5052	CHEMBL427058
CHEMBL5052	CHEMBL506153
CHEMBL5073	CHEMBL458865
CHEMBL5073	CHEMBL476259
CHEMBL5073	CHEMBL477069
CHEMBL5084	CHEMBL189459
CHEMBL5084	CHEMBL318892
CHEMBL5084	CHEMBL365297
CHEMBL5084	CHEMBL458865
CHEMBL5084	CHEMBL468963
CHEMBL5084	CHEMBL476259
CHEMBL5084	CHEMBL477069
CHEMBL5084	CHEMBL513897
CHEMBL5122	CHEMBL188257
CHEMBL5122	CHEMBL188381
CHEMBL5122	CHEMBL189148
CHEMBL5122	CHEMBL189459
CHEMBL5122	CHEMBL1909359
CHEMBL5122	CHEMBL1909360
CHEMBL5122	CHEMBL1909361
CHEMBL5122	CHEMBL1909364
CHEMBL5122	CHEMBL1909365
CHEMBL5122	CHEMBL1909366
CHEMBL5122	CHEMBL1909367
CHEMBL5122	CHEMBL1909368
CHEMBL5122	CHEMBL1909369
CHEMBL5122	CHEMBL1909370
CHEMBL5122	CHEMBL1909371
CHEMBL5122	CHEMBL1909372
CHEMBL5122	CHEMBL1909374
CHEMBL5122	CHEMBL1909396
CHEMBL5122	CHEMBL237347
CHEMBL5122	CHEMBL243907
CHEMBL5122	CHEMBL247228
CHEMBL5122	CHEMBL251549
CHEMBL5122	CHEMBL273564
CHEMBL5122	CHEMBL365297
CHEMBL5122	CHEMBL396107
CHEMBL5122	CHEMBL581096
CHEMBL5122	CHEMBL588025
CHEMBL5145	CHEMBL1794055
CHEMBL5145	CHEMBL1794071
CHEMBL5145	CHEMBL1794072
CHEMBL5145	CHEMBL1909368
CHEMBL5145	CHEMBL1909412
CHEMBL5145	CHEMBL1909414
CHEMBL5145	CHEMBL272165
CHEMBL5145	CHEMBL409892
CHEMBL5145	CHEMBL495696
CHEMBL5147	CHEMBL189459
CHEMBL5147	CHEMBL1909358
CHEMBL5147	CHEMBL1909365
CHEMBL5147	CHEMBL1909368
CHEMBL5147	CHEMBL1909369
CHEMBL5147	CHEMBL1909396
CHEMBL5147	CHEMBL237347
CHEMBL5147	CHEMBL241517
CHEMBL5147	CHEMBL247228
CHEMBL5147	CHEMBL251549
CHEMBL5147	CHEMBL263796
CHEMBL5147	CHEMBL273564
CHEMBL5147	CHEMBL365297
CHEMBL5147	CHEMBL374060
CHEMBL5147	CHEMBL479079
CHEMBL5147	CHEMBL581096
CHEMBL5147	CHEMBL588025
CHEMBL5251	CHEMBL237347
CHEMBL5257	CHEMBL1794067
CHEMBL5257	CHEMBL1794068
CHEMBL5257	CHEMBL1794069
CHEMBL5257	CHEMBL1794070
CHEMBL5257	CHEMBL222419
CHEMBL5257	CHEMBL359999
CHEMBL5257	CHEMBL493326
CHEMBL5257	CHEMBL514162
CHEMBL5257	CHEMBL514499
CHEMBL5257	CHEMBL519881
CHEMBL5257	CHEMBL520037
CHEMBL5257	CHEMBL522709
CHEMBL5314	CHEMBL103115
CHEMBL5314	CHEMBL1909381
CHEMBL5314	CHEMBL1909382
CHEMBL5314	CHEMBL1909383
CHEMBL5314	CHEMBL1956068
CHEMBL5314	CHEMBL251549
CHEMBL5330	CHEMBL175321
CHEMBL5330	CHEMBL1794055
CHEMBL5330	CHEMBL187081
CHEMBL5330	CHEMBL188381
CHEMBL5330	CHEMBL247228
CHEMBL5330	CHEMBL271595
CHEMBL5330	CHEMBL273564
CHEMBL5330	CHEMBL359999
CHEMBL5330	CHEMBL361894
CHEMBL5330	CHEMBL468963
CHEMBL5330	CHEMBL476259
CHEMBL5330	CHEMBL588025
CHEMBL5331	CHEMBL1909359
CHEMBL5331	CHEMBL1909360
CHEMBL5331	CHEMBL1909383
CHEMBL5331	CHEMBL1909391
CHEMBL5331	CHEMBL1909396
CHEMBL5331	CHEMBL1956068
CHEMBL5331	CHEMBL373751
CHEMBL5334	CHEMBL176857
CHEMBL5334	CHEMBL1789961
CHEMBL5334	CHEMBL1789963
CHEMBL5334	CHEMBL179311
CHEMBL5334	CHEMBL1794050
CHEMBL5334	CHEMBL1794052
CHEMBL5334	CHEMBL1794055
CHEMBL5334	CHEMBL1794073
CHEMBL5334	CHEMBL179453
CHEMBL5334	CHEMBL179465
CHEMBL5334	CHEMBL187081
CHEMBL5334	CHEMBL1880739
CHEMBL5334	CHEMBL188257
CHEMBL5334	CHEMBL188381
CHEMBL5334	CHEMBL189353
CHEMBL5334	CHEMBL1895450
CHEMBL5334	CHEMBL1909352
CHEMBL5334	CHEMBL1909353
CHEMBL5334	CHEMBL1909354
CHEMBL5334	CHEMBL1909358
CHEMBL5334	CHEMBL1909359
CHEMBL5334	CHEMBL1909361
CHEMBL5334	CHEMBL1909368
CHEMBL5334	CHEMBL1909381
CHEMBL5334	CHEMBL1909383
CHEMBL5334	CHEMBL1909396
CHEMBL5334	CHEMBL191705
CHEMBL5334	CHEMBL1956068
CHEMBL5334	CHEMBL222419
CHEMBL5334	CHEMBL251549
CHEMBL5334	CHEMBL270544
CHEMBL5334	CHEMBL273564
CHEMBL5334	CHEMBL275473
CHEMBL5334	CHEMBL306865
CHEMBL5334	CHEMBL359999
CHEMBL5334	CHEMBL361894
CHEMBL5334	CHEMBL372474
CHEMBL5334	CHEMBL373751
CHEMBL5334	CHEMBL409892
CHEMBL5334	CHEMBL450071
CHEMBL5334	CHEMBL456252
CHEMBL5334	CHEMBL458865
CHEMBL5334	CHEMBL463931
CHEMBL5334	CHEMBL468963
CHEMBL5334	CHEMBL476259
CHEMBL5334	CHEMBL477069
CHEMBL5334	CHEMBL479079
CHEMBL5334	CHEMBL480382
CHEMBL5334	CHEMBL495696
CHEMBL5334	CHEMBL511765
CHEMBL5334	CHEMBL513897
CHEMBL5334	CHEMBL514162
CHEMBL5334	CHEMBL514261
CHEMBL5334	CHEMBL514499
CHEMBL5334	CHEMBL521806
CHEMBL5334	CHEMBL588025
CHEMBL5407	CHEMBL1789963
CHEMBL5407	CHEMBL1794052
CHEMBL5407	CHEMBL1794069
CHEMBL5407	CHEMBL188268
CHEMBL5407	CHEMBL189231
CHEMBL5407	CHEMBL1909343
CHEMBL5407	CHEMBL1909384
CHEMBL5407	CHEMBL1956068
CHEMBL5407	CHEMBL260417
CHEMBL5407	CHEMBL463931
CHEMBL5407	CHEMBL468963
CHEMBL5407	CHEMBL506153
CHEMBL5408	CHEMBL160333
CHEMBL5408	CHEMBL1789963
CHEMBL5408	CHEMBL1794055
CHEMBL5408	CHEMBL1794065
CHEMBL5408	CHEMBL1794066
CHEMBL5408	CHEMBL183993
CHEMBL5408	CHEMBL188426
CHEMBL5408	CHEMBL1909349
CHEMBL5408	CHEMBL1909375
CHEMBL5408	CHEMBL1956068
CHEMBL5408	CHEMBL206010
CHEMBL5408	CHEMBL269827
CHEMBL5408	CHEMBL269883
CHEMBL5408	CHEMBL271595
CHEMBL5408	CHEMBL272165
CHEMBL5408	CHEMBL272414
CHEMBL5408	CHEMBL352222
CHEMBL5408	CHEMBL373751
CHEMBL5408	CHEMBL409892
CHEMBL5408	CHEMBL410072
CHEMBL5408	CHEMBL463931
CHEMBL5408	CHEMBL468963
CHEMBL5408	CHEMBL473629
CHEMBL5408	CHEMBL514162
CHEMBL5408	CHEMBL519881
CHEMBL5408	CHEMBL520037
CHEMBL5408	CHEMBL521806
CHEMBL5415	CHEMBL1909374
CHEMBL5415	CHEMBL273564
CHEMBL5427	CHEMBL1789963
CHEMBL5427	CHEMBL1794052
CHEMBL5427	CHEMBL183993
CHEMBL5427	CHEMBL187081
CHEMBL5427	CHEMBL1882194
CHEMBL5427	CHEMBL188426
CHEMBL5427	CHEMBL189415
CHEMBL5427	CHEMBL1909343
CHEMBL5427	CHEMBL1909349
CHEMBL5427	CHEMBL1909383
CHEMBL5427	CHEMBL1909396
CHEMBL5427	CHEMBL260417
CHEMBL5427	CHEMBL306865
CHEMBL5427	CHEMBL359963
CHEMBL5427	CHEMBL359999
CHEMBL5427	CHEMBL361894
CHEMBL5427	CHEMBL365248
CHEMBL5427	CHEMBL409892
CHEMBL5427	CHEMBL458865
CHEMBL5427	CHEMBL468963
CHEMBL5427	CHEMBL476259
CHEMBL5427	CHEMBL477069
CHEMBL5427	CHEMBL495696
CHEMBL5427	CHEMBL511765
CHEMBL5427	CHEMBL513330
CHEMBL5427	CHEMBL513897
CHEMBL5427	CHEMBL66292
CHEMBL5455	CHEMBL187081
CHEMBL5455	CHEMBL1895450
CHEMBL5455	CHEMBL1909359
CHEMBL5455	CHEMBL359999
CHEMBL5455	CHEMBL456252
CHEMBL5455	CHEMBL458415
CHEMBL5455	CHEMBL458865
CHEMBL5455	CHEMBL463931
CHEMBL5455	CHEMBL476259
CHEMBL5455	CHEMBL477069
CHEMBL5455	CHEMBL505915
CHEMBL5455	CHEMBL511765
CHEMBL5455	CHEMBL513897
CHEMBL5455	CHEMBL514261
CHEMBL5469	CHEMBL1794055
CHEMBL5469	CHEMBL187081
CHEMBL5469	CHEMBL1882194
CHEMBL5469	CHEMBL188381
CHEMBL5469	CHEMBL1895450
CHEMBL5469	CHEMBL1909349
CHEMBL5469	CHEMBL1909360
CHEMBL5469	CHEMBL1909361
CHEMBL5469	CHEMBL1909362
CHEMBL5469	CHEMBL1909396
CHEMBL5469	CHEMBL1956068
CHEMBL5469	CHEMBL251549
CHEMBL5469	CHEMBL359999
CHEMBL5469	CHEMBL361894
CHEMBL5469	CHEMBL365248
CHEMBL5469	CHEMBL434729
CHEMBL5469	CHEMBL450071
CHEMBL5469	CHEMBL456252
CHEMBL5469	CHEMBL458415
CHEMBL5469	CHEMBL458438
CHEMBL5469	CHEMBL458865
CHEMBL5469	CHEMBL463931
CHEMBL5469	CHEMBL468963
CHEMBL5469	CHEMBL476259
CHEMBL5469	CHEMBL477069
CHEMBL5469	CHEMBL479079
CHEMBL5469	CHEMBL495696
CHEMBL5469	CHEMBL505915
CHEMBL5469	CHEMBL511765
CHEMBL5469	CHEMBL513897
CHEMBL5469	CHEMBL514261
CHEMBL5469	CHEMBL517171
CHEMBL5469	CHEMBL588025
CHEMBL5483	CHEMBL1895450
CHEMBL5483	CHEMBL450071
CHEMBL5483	CHEMBL456252
CHEMBL5483	CHEMBL458415
CHEMBL5483	CHEMBL458865
CHEMBL5483	CHEMBL463931
CHEMBL5483	CHEMBL476259
CHEMBL5483	CHEMBL477069
CHEMBL5483	CHEMBL511765
CHEMBL5483	CHEMBL513897
CHEMBL5483	CHEMBL514261
CHEMBL5518	CHEMBL103115
CHEMBL5518	CHEMBL175321
CHEMBL5518	CHEMBL1789961
CHEMBL5518	CHEMBL1789963
CHEMBL5518	CHEMBL1794050
CHEMBL5518	CHEMBL1794052
CHEMBL5518	CHEMBL1794053
CHEMBL5518	CHEMBL1794055
CHEMBL5518	CHEMBL1794056
CHEMBL5518	CHEMBL1794057
CHEMBL5518	CHEMBL1794058
CHEMBL5518	CHEMBL1794059
CHEMBL5518	CHEMBL1794073
CHEMBL5518	CHEMBL187081
CHEMBL5518	CHEMBL1880739
CHEMBL5518	CHEMBL188381
CHEMBL5518	CHEMBL1888586
CHEMBL5518	CHEMBL189353
CHEMBL5518	CHEMBL189459
CHEMBL5518	CHEMBL1909351
CHEMBL5518	CHEMBL1909359
CHEMBL5518	CHEMBL1909383
CHEMBL5518	CHEMBL1956068
CHEMBL5518	CHEMBL202891
CHEMBL5518	CHEMBL205158
CHEMBL5518	CHEMBL206010
CHEMBL5518	CHEMBL208437
CHEMBL5518	CHEMBL241517
CHEMBL5518	CHEMBL260417
CHEMBL5518	CHEMBL269827
CHEMBL5518	CHEMBL269883
CHEMBL5518	CHEMBL270054
CHEMBL5518	CHEMBL271595
CHEMBL5518	CHEMBL271843
CHEMBL5518	CHEMBL272414
CHEMBL5518	CHEMBL306865
CHEMBL5518	CHEMBL359999
CHEMBL5518	CHEMBL362155
CHEMBL5518	CHEMBL365297
CHEMBL5518	CHEMBL373751
CHEMBL5518	CHEMBL405021
CHEMBL5518	CHEMBL405042
CHEMBL5518	CHEMBL409892
CHEMBL5518	CHEMBL419903
CHEMBL5518	CHEMBL458865
CHEMBL5518	CHEMBL468963
CHEMBL5518	CHEMBL476259
CHEMBL5518	CHEMBL477069
CHEMBL5518	CHEMBL480382
CHEMBL5518	CHEMBL495696
CHEMBL5518	CHEMBL513897
CHEMBL5518	CHEMBL514162
CHEMBL5518	CHEMBL581096
CHEMBL5518	CHEMBL66292
CHEMBL5543	CHEMBL1789963
CHEMBL5543	CHEMBL1794052
CHEMBL5543	CHEMBL1794055
CHEMBL5543	CHEMBL185962
CHEMBL5543	CHEMBL187081
CHEMBL5543	CHEMBL188048
CHEMBL5543	CHEMBL1882194
CHEMBL5543	CHEMBL189231
CHEMBL5543	CHEMBL1909343
CHEMBL5543	CHEMBL1909345
CHEMBL5543	CHEMBL1909347
CHEMBL5543	CHEMBL1909383
CHEMBL5543	CHEMBL206010
CHEMBL5543	CHEMBL260417
CHEMBL5543	CHEMBL261129
CHEMBL5543	CHEMBL269883
CHEMBL5543	CHEMBL306865
CHEMBL5543	CHEMBL359963
CHEMBL5543	CHEMBL359999
CHEMBL5543	CHEMBL361894
CHEMBL5543	CHEMBL365248
CHEMBL5543	CHEMBL409892
CHEMBL5543	CHEMBL446024
CHEMBL5543	CHEMBL458865
CHEMBL5543	CHEMBL468963
CHEMBL5543	CHEMBL476259
CHEMBL5543	CHEMBL477069
CHEMBL5543	CHEMBL495696
CHEMBL5543	CHEMBL506153
CHEMBL5543	CHEMBL513330
CHEMBL5543	CHEMBL513897
CHEMBL5568	CHEMBL1794073
CHEMBL5568	CHEMBL187081
CHEMBL5568	CHEMBL1882194
CHEMBL5568	CHEMBL188381
CHEMBL5568	CHEMBL1888586
CHEMBL5568	CHEMBL1895450
CHEMBL5568	CHEMBL1909358
CHEMBL5568	CHEMBL1909359
CHEMBL5568	CHEMBL1909360
CHEMBL5568	CHEMBL1909362
CHEMBL5568	CHEMBL1909381
CHEMBL5568	CHEMBL1909382
CHEMBL5568	CHEMBL1909396
CHEMBL5568	CHEMBL1956068
CHEMBL5568	CHEMBL251549
CHEMBL5568	CHEMBL306865
CHEMBL5568	CHEMBL359963
CHEMBL5568	CHEMBL359999
CHEMBL5568	CHEMBL361894
CHEMBL5568	CHEMBL372474
CHEMBL5568	CHEMBL373751
CHEMBL5568	CHEMBL450071
CHEMBL5568	CHEMBL456252
CHEMBL5568	CHEMBL458415
CHEMBL5568	CHEMBL458865
CHEMBL5568	CHEMBL463931
CHEMBL5568	CHEMBL467581
CHEMBL5568	CHEMBL468963
CHEMBL5568	CHEMBL476259
CHEMBL5568	CHEMBL477069
CHEMBL5568	CHEMBL479079
CHEMBL5568	CHEMBL495696
CHEMBL5568	CHEMBL505915
CHEMBL5568	CHEMBL511765
CHEMBL5568	CHEMBL513897
CHEMBL5568	CHEMBL514261
CHEMBL5600	CHEMBL1794055
CHEMBL5600	CHEMBL1794065
CHEMBL5600	CHEMBL1794066
CHEMBL5600	CHEMBL1794068
CHEMBL5600	CHEMBL1909349
CHEMBL5600	CHEMBL1909375
CHEMBL5600	CHEMBL269883
CHEMBL5600	CHEMBL373751
CHEMBL5600	CHEMBL458865
CHEMBL5600	CHEMBL476259
CHEMBL5600	CHEMBL477069
CHEMBL5608	CHEMBL1516890
CHEMBL5608	CHEMBL175321
CHEMBL5608	CHEMBL176857
CHEMBL5608	CHEMBL1794055
CHEMBL5608	CHEMBL1794056
CHEMBL5608	CHEMBL1794057
CHEMBL5608	CHEMBL1794058
CHEMBL5608	CHEMBL188381
CHEMBL5608	CHEMBL189353
CHEMBL5608	CHEMBL1909365
CHEMBL5608	CHEMBL1909368
CHEMBL5608	CHEMBL1909369
CHEMBL5608	CHEMBL1909396
CHEMBL5608	CHEMBL222419
CHEMBL5608	CHEMBL247228
CHEMBL5608	CHEMBL261849
CHEMBL5608	CHEMBL269827
CHEMBL5608	CHEMBL270544
CHEMBL5608	CHEMBL271595
CHEMBL5608	CHEMBL272165
CHEMBL5608	CHEMBL272414
CHEMBL5608	CHEMBL273564
CHEMBL5608	CHEMBL373751
CHEMBL5608	CHEMBL396107
CHEMBL5608	CHEMBL405042
CHEMBL5608	CHEMBL409892
CHEMBL5608	CHEMBL495696
CHEMBL5608	CHEMBL588025
CHEMBL5627	CHEMBL1895450
CHEMBL5627	CHEMBL1909349
CHEMBL5627	CHEMBL1956068
CHEMBL5627	CHEMBL241517
CHEMBL5627	CHEMBL260417
CHEMBL5627	CHEMBL261129
CHEMBL5627	CHEMBL450071
CHEMBL5627	CHEMBL456252
CHEMBL5627	CHEMBL458415
CHEMBL5627	CHEMBL458438
CHEMBL5627	CHEMBL458865
CHEMBL5627	CHEMBL463931
CHEMBL5627	CHEMBL467581
CHEMBL5627	CHEMBL476259
CHEMBL5627	CHEMBL477069
CHEMBL5627	CHEMBL505915
CHEMBL5627	CHEMBL511765
CHEMBL5627	CHEMBL513897
CHEMBL5627	CHEMBL514261
CHEMBL5627	CHEMBL517171
CHEMBL5627	CHEMBL588025
CHEMBL5650	CHEMBL1794055
CHEMBL5650	CHEMBL1794067
CHEMBL5650	CHEMBL1794068
CHEMBL5650	CHEMBL1794069
CHEMBL5650	CHEMBL1794070
CHEMBL5650	CHEMBL1909383
CHEMBL5650	CHEMBL1956068
CHEMBL5650	CHEMBL222419
CHEMBL5650	CHEMBL260417
CHEMBL5650	CHEMBL271595
CHEMBL5650	CHEMBL272028
CHEMBL5650	CHEMBL306865
CHEMBL5650	CHEMBL373751
CHEMBL5650	CHEMBL409892
CHEMBL5650	CHEMBL473629
CHEMBL5650	CHEMBL66292
CHEMBL5684	CHEMBL1794055
CHEMBL5684	CHEMBL1794067
CHEMBL5684	CHEMBL1794068
CHEMBL5684	CHEMBL1794069
CHEMBL5684	CHEMBL188381
CHEMBL5684	CHEMBL189353
CHEMBL5684	CHEMBL1909365
CHEMBL5684	CHEMBL1909368
CHEMBL5684	CHEMBL1909369
CHEMBL5684	CHEMBL1909372
CHEMBL5684	CHEMBL1909374
CHEMBL5684	CHEMBL1909383
CHEMBL5684	CHEMBL1909396
CHEMBL5684	CHEMBL222419
CHEMBL5684	CHEMBL247228
CHEMBL5684	CHEMBL269883
CHEMBL5684	CHEMBL271595
CHEMBL5684	CHEMBL273564
CHEMBL5684	CHEMBL373751
CHEMBL5684	CHEMBL396107
CHEMBL5684	CHEMBL463931
CHEMBL5684	CHEMBL468963
CHEMBL5684	CHEMBL479079
CHEMBL5684	CHEMBL588025
CHEMBL5684	CHEMBL63728
CHEMBL5699	CHEMBL1885746
CHEMBL5699	CHEMBL1909352
CHEMBL5699	CHEMBL1909381
CHEMBL5699	CHEMBL1909383
CHEMBL5699	CHEMBL1956068
CHEMBL5699	CHEMBL206010
CHEMBL5699	CHEMBL237347
CHEMBL5699	CHEMBL306865
CHEMBL5699	CHEMBL373751
CHEMBL5703	CHEMBL1789963
CHEMBL5703	CHEMBL1794050
CHEMBL5703	CHEMBL1794052
CHEMBL5703	CHEMBL1794053
CHEMBL5703	CHEMBL1909358
CHEMBL5703	CHEMBL237347
CHEMBL5754	CHEMBL1794055
CHEMBL5754	CHEMBL1794065
CHEMBL5754	CHEMBL1794066
CHEMBL5754	CHEMBL1909349
CHEMBL5754	CHEMBL1909375
CHEMBL5754	CHEMBL269883
CHEMBL5754	CHEMBL272028
CHEMBL5754	CHEMBL373751
CHEMBL5754	CHEMBL409892
CHEMBL5784	CHEMBL1096626
CHEMBL5784	CHEMBL175321
CHEMBL5784	CHEMBL1789961
CHEMBL5784	CHEMBL1794055
CHEMBL5784	CHEMBL1794060
CHEMBL5784	CHEMBL1794068
CHEMBL5784	CHEMBL1794069
CHEMBL5784	CHEMBL1794070
CHEMBL5784	CHEMBL1794073
CHEMBL5784	CHEMBL187081
CHEMBL5784	CHEMBL1882194
CHEMBL5784	CHEMBL1909349
CHEMBL5784	CHEMBL1909362
CHEMBL5784	CHEMBL1909382
CHEMBL5784	CHEMBL1909383
CHEMBL5784	CHEMBL1909399
CHEMBL5784	CHEMBL1956068
CHEMBL5784	CHEMBL222419
CHEMBL5784	CHEMBL251549
CHEMBL5784	CHEMBL269883
CHEMBL5784	CHEMBL270544
CHEMBL5784	CHEMBL271595
CHEMBL5784	CHEMBL271843
CHEMBL5784	CHEMBL272026
CHEMBL5784	CHEMBL272028
CHEMBL5784	CHEMBL272165
CHEMBL5784	CHEMBL272414
CHEMBL5784	CHEMBL306865
CHEMBL5784	CHEMBL359999
CHEMBL5784	CHEMBL361894
CHEMBL5784	CHEMBL373751
CHEMBL5784	CHEMBL409892
CHEMBL5784	CHEMBL410072
CHEMBL5784	CHEMBL443563
CHEMBL5784	CHEMBL458865
CHEMBL5784	CHEMBL468963
CHEMBL5784	CHEMBL476259
CHEMBL5784	CHEMBL477069
CHEMBL5784	CHEMBL480382
CHEMBL5784	CHEMBL495696
CHEMBL5784	CHEMBL513897
CHEMBL5784	CHEMBL514162
CHEMBL5784	CHEMBL514499
CHEMBL5784	CHEMBL520037
CHEMBL5794	CHEMBL185962
CHEMBL5794	CHEMBL1909363
CHEMBL5794	CHEMBL1956068
CHEMBL5794	CHEMBL220465
CHEMBL5818	CHEMBL1096626
CHEMBL5818	CHEMBL1096634
CHEMBL5818	CHEMBL1794065
CHEMBL5818	CHEMBL1794066
CHEMBL5818	CHEMBL1909349
CHEMBL5818	CHEMBL1909350
CHEMBL5818	CHEMBL1909363
CHEMBL5818	CHEMBL1909375
CHEMBL5818	CHEMBL1909384
CHEMBL5818	CHEMBL220465
CHEMBL5818	CHEMBL374453
CHEMBL5818	CHEMBL384073
CHEMBL5818	CHEMBL427058
CHEMBL5818	CHEMBL441702
CHEMBL5818	CHEMBL506153
CHEMBL5855	CHEMBL1794067
CHEMBL5855	CHEMBL1794068
CHEMBL5855	CHEMBL1794069
CHEMBL5855	CHEMBL222419
CHEMBL5940	CHEMBL1794055
CHEMBL5940	CHEMBL1794065
CHEMBL5940	CHEMBL1794066
CHEMBL5940	CHEMBL1794068
CHEMBL5940	CHEMBL1909349
CHEMBL5940	CHEMBL1909375
CHEMBL5940	CHEMBL269883
CHEMBL5940	CHEMBL271595
CHEMBL5940	CHEMBL272028
CHEMBL5940	CHEMBL373751
CHEMBL5940	CHEMBL409892
CHEMBL5940	CHEMBL410072
CHEMBL5940	CHEMBL476259
CHEMBL5940	CHEMBL477069
CHEMBL5941	CHEMBL1794055
CHEMBL5941	CHEMBL271595
CHEMBL5941	CHEMBL409892
CHEMBL6003	CHEMBL1096626
CHEMBL6003	CHEMBL1794065
CHEMBL6003	CHEMBL1794066
CHEMBL6003	CHEMBL1895450
CHEMBL6003	CHEMBL1909349
CHEMBL6003	CHEMBL1909363
CHEMBL6003	CHEMBL1909375
CHEMBL6003	CHEMBL220465
CHEMBL6003	CHEMBL269883
CHEMBL6003	CHEMBL373751
CHEMBL6003	CHEMBL450071
CHEMBL6003	CHEMBL456252
CHEMBL6003	CHEMBL458865
CHEMBL6003	CHEMBL463931
CHEMBL6003	CHEMBL476259
CHEMBL6003	CHEMBL477069
CHEMBL6003	CHEMBL511765
CHEMBL6003	CHEMBL513897
CHEMBL6003	CHEMBL514261
CHEMBL6003	CHEMBL517171
CHEMBL6014	CHEMBL1895450
CHEMBL6014	CHEMBL450071
CHEMBL6014	CHEMBL456252
CHEMBL6014	CHEMBL458865
CHEMBL6014	CHEMBL463931
CHEMBL6014	CHEMBL476259
CHEMBL6014	CHEMBL477069
CHEMBL6014	CHEMBL511765
CHEMBL6054	CHEMBL1794057
CHEMBL6082	CHEMBL1794068
CHEMBL6082	CHEMBL1794073
CHEMBL6082	CHEMBL1909352
CHEMBL6082	CHEMBL1909354
CHEMBL6082	CHEMBL1909381
CHEMBL6082	CHEMBL1909383
CHEMBL6082	CHEMBL1956068
CHEMBL6082	CHEMBL218088
CHEMBL6082	CHEMBL218859
CHEMBL6082	CHEMBL218932
CHEMBL6082	CHEMBL220243
CHEMBL6082	CHEMBL222419
CHEMBL6082	CHEMBL237347
CHEMBL6082	CHEMBL241517
CHEMBL6082	CHEMBL251549
CHEMBL6082	CHEMBL263796
CHEMBL6082	CHEMBL269883
CHEMBL6082	CHEMBL373751
CHEMBL6082	CHEMBL374060
CHEMBL6082	CHEMBL479079
CHEMBL6082	CHEMBL514499
CHEMBL6144	CHEMBL1789963
CHEMBL6144	CHEMBL1895450
CHEMBL6144	CHEMBL456252
CHEMBL6144	CHEMBL463931
CHEMBL6144	CHEMBL476259
CHEMBL6144	CHEMBL511765
CHEMBL6144	CHEMBL63728
CHEMBL6166	CHEMBL103115
CHEMBL6166	CHEMBL175321
CHEMBL6166	CHEMBL1789961
CHEMBL6166	CHEMBL1789963
CHEMBL6166	CHEMBL1794050
CHEMBL6166	CHEMBL1794052
CHEMBL6166	CHEMBL1794053
CHEMBL6166	CHEMBL1794055
CHEMBL6166	CHEMBL1794056
CHEMBL6166	CHEMBL1794057
CHEMBL6166	CHEMBL1794058
CHEMBL6166	CHEMBL1794059
CHEMBL6166	CHEMBL1794073
CHEMBL6166	CHEMBL187081
CHEMBL6166	CHEMBL1880739
CHEMBL6166	CHEMBL188381
CHEMBL6166	CHEMBL1888586
CHEMBL6166	CHEMBL189353
CHEMBL6166	CHEMBL189459
CHEMBL6166	CHEMBL1909351
CHEMBL6166	CHEMBL1909359
CHEMBL6166	CHEMBL1909360
CHEMBL6166	CHEMBL1909383
CHEMBL6166	CHEMBL1909397
CHEMBL6166	CHEMBL1909404
CHEMBL6166	CHEMBL194062
CHEMBL6166	CHEMBL1956068
CHEMBL6166	CHEMBL202891
CHEMBL6166	CHEMBL205158
CHEMBL6166	CHEMBL206010
CHEMBL6166	CHEMBL206544
CHEMBL6166	CHEMBL208437
CHEMBL6166	CHEMBL241517
CHEMBL6166	CHEMBL260417
CHEMBL6166	CHEMBL261440
CHEMBL6166	CHEMBL269827
CHEMBL6166	CHEMBL269883
CHEMBL6166	CHEMBL270054
CHEMBL6166	CHEMBL271594
CHEMBL6166	CHEMBL271595
CHEMBL6166	CHEMBL271843
CHEMBL6166	CHEMBL272026
CHEMBL6166	CHEMBL272414
CHEMBL6166	CHEMBL306865
CHEMBL6166	CHEMBL359999
CHEMBL6166	CHEMBL361237
CHEMBL6166	CHEMBL361894
CHEMBL6166	CHEMBL362155
CHEMBL6166	CHEMBL365297
CHEMBL6166	CHEMBL365663
CHEMBL6166	CHEMBL373751
CHEMBL6166	CHEMBL381948
CHEMBL6166	CHEMBL405021
CHEMBL6166	CHEMBL405042
CHEMBL6166	CHEMBL409892
CHEMBL6166	CHEMBL419903
CHEMBL6166	CHEMBL458865
CHEMBL6166	CHEMBL468963
CHEMBL6166	CHEMBL476259
CHEMBL6166	CHEMBL477069
CHEMBL6166	CHEMBL480382
CHEMBL6166	CHEMBL495696
CHEMBL6166	CHEMBL513897
CHEMBL6166	CHEMBL514162
CHEMBL6166	CHEMBL581096
CHEMBL6166	CHEMBL66292
CHEMBL6186	CHEMBL1096626
CHEMBL6186	CHEMBL1096634
CHEMBL6186	CHEMBL1794065
CHEMBL6186	CHEMBL1794066
CHEMBL6186	CHEMBL185962
CHEMBL6186	CHEMBL1909349
CHEMBL6186	CHEMBL1909363
CHEMBL6186	CHEMBL1909384
CHEMBL6186	CHEMBL220465
CHEMBL6186	CHEMBL506153
